height_mm,depth_mm,height_in,depth_in,width_in,beam_separation_in,gauge,load_capacity_kg,weight_kg,cost,type,category,sku
2083,914,82,36,3,36,14,15766,25.22,1182.73,selectivo,marco,frame-82in-36in-36in-g14
2083,914,82,36,3,42,14,15782,24.31,1140.06,selectivo,marco,frame-82in-36in-42in-g14
2083,914,82,36,3,48,14,15760,23.82,1117.12,selectivo,marco,frame-82in-36in-48in-g14
2083,914,82,36,3,54,14,15209,23.27,1091.46,selectivo,marco,frame-82in-36in-54in-g14
2083,914,82,36,3,60,14,14619,22.81,1069.63,selectivo,marco,frame-82in-36in-60in-g14
2083,914,82,36,3,72,14,13328,25.22,1182.73,selectivo,marco,frame-82in-36in-72in-g14
2133,914,84,36,3,36,14,15764,25.82,1211.12,selectivo,marco,frame-84in-36in-36in-g14
2133,914,84,36,3,42,14,15780,24.89,1167.43,selectivo,marco,frame-84in-36in-42in-g14
2133,914,84,36,3,48,14,15758,24.39,1143.94,selectivo,marco,frame-84in-36in-48in-g14
2133,914,84,36,3,54,14,15207,23.83,1117.66,selectivo,marco,frame-84in-36in-54in-g14
2133,914,84,36,3,60,14,14617,23.35,1095.30,selectivo,marco,frame-84in-36in-60in-g14
2133,914,84,36,3,72,14,13327,25.82,1211.12,selectivo,marco,frame-84in-36in-72in-g14
2438,914,96,36,3,36,14,15750,29.52,1384.30,selectivo,marco,frame-96in-36in-36in-g14
2438,914,96,36,3,42,14,15768,28.45,1334.36,selectivo,marco,frame-96in-36in-42in-g14
2438,914,96,36,3,48,14,15748,27.88,1307.51,selectivo,marco,frame-96in-36in-48in-g14
2438,914,96,36,3,54,14,15197,27.24,1277.48,selectivo,marco,frame-96in-36in-54in-g14
2438,914,96,36,3,60,14,14608,26.69,1251.92,selectivo,marco,frame-96in-36in-60in-g14
2438,914,96,36,3,72,14,13319,29.52,1384.30,selectivo,marco,frame-96in-36in-72in-g14
2438,914,96,36,3,84,14,11936,28.43,1333.18,selectivo,marco,frame-96in-36in-84in-g14
3048,914,120,36,3,36,14,15722,36.9,1730.66,selectivo,marco,frame-120in-36in-36in-g14
3048,914,120,36,3,42,14,15746,35.57,1668.23,selectivo,marco,frame-120in-36in-42in-g14
3048,914,120,36,3,48,14,15726,34.85,1634.66,selectivo,marco,frame-120in-36in-48in-g14
3048,914,120,36,3,54,14,15177,34.05,1597.11,selectivo,marco,frame-120in-36in-54in-g14
3048,914,120,36,3,60,14,14590,33.37,1565.16,selectivo,marco,frame-120in-36in-60in-g14
3048,914,120,36,3,72,14,13303,36.9,1730.66,selectivo,marco,frame-120in-36in-72in-g14
3048,914,120,36,3,84,14,11922,35.54,1666.75,selectivo,marco,frame-120in-36in-84in-g14
3048,914,120,36,3,96,14,10508,34.86,1634.95,selectivo,marco,frame-120in-36in-96in-g14
3048,914,120,36,3,108,14,9098,34.06,1597.55,selectivo,marco,frame-120in-36in-108in-g14
3658,914,144,36,3,36,14,15695,44.29,2077.01,selectivo,marco,frame-144in-36in-36in-g14
3658,914,144,36,3,42,14,15723,42.69,2002.09,selectivo,marco,frame-144in-36in-42in-g14
3658,914,144,36,3,48,14,15704,41.83,1961.80,selectivo,marco,frame-144in-36in-48in-g14
3658,914,144,36,3,54,14,15157,40.87,1916.74,selectivo,marco,frame-144in-36in-54in-g14
3658,914,144,36,3,60,14,14573,40.05,1878.40,selectivo,marco,frame-144in-36in-60in-g14
3658,914,144,36,3,72,14,13287,44.29,2077.01,selectivo,marco,frame-144in-36in-72in-g14
3658,914,144,36,3,84,14,11908,42.65,2000.32,selectivo,marco,frame-144in-36in-84in-g14
3658,914,144,36,3,96,14,10496,41.84,1962.15,selectivo,marco,frame-144in-36in-96in-g14
3658,914,144,36,3,108,14,9084,40.88,1917.27,selectivo,marco,frame-144in-36in-108in-g14
4267,914,168,36,3,36,14,15667,51.66,2422.80,selectivo,marco,frame-168in-36in-36in-g14
4267,914,168,36,3,42,14,15700,49.8,2335.41,selectivo,marco,frame-168in-36in-42in-g14
4267,914,168,36,3,48,14,15683,48.79,2288.41,selectivo,marco,frame-168in-36in-48in-g14
4267,914,168,36,3,54,14,15137,47.67,2235.85,selectivo,marco,frame-168in-36in-54in-g14
4267,914,168,36,3,60,14,14555,46.72,2191.12,selectivo,marco,frame-168in-36in-60in-g14
4267,914,168,36,3,72,14,13271,51.66,2422.80,selectivo,marco,frame-168in-36in-72in-g14
4267,914,168,36,3,84,14,11893,49.75,2333.35,selectivo,marco,frame-168in-36in-84in-g14
4267,914,168,36,3,96,14,10483,48.8,2288.82,selectivo,marco,frame-168in-36in-96in-g14
4267,914,168,36,3,108,14,9071,47.69,2236.47,selectivo,marco,frame-168in-36in-108in-g14
4877,914,192,36,3,36,14,15639,59.04,2769.16,selectivo,marco,frame-192in-36in-36in-g14
4877,914,192,36,3,42,14,15677,56.91,2669.27,selectivo,marco,frame-192in-36in-42in-g14
4877,914,192,36,3,48,14,15661,55.77,2615.56,selectivo,marco,frame-192in-36in-48in-g14
4877,914,192,36,3,54,14,15116,54.49,2555.48,selectivo,marco,frame-192in-36in-54in-g14
4877,914,192,36,3,60,14,14537,53.4,2504.36,selectivo,marco,frame-192in-36in-60in-g14
4877,914,192,36,3,72,14,13255,59.04,2769.16,selectivo,marco,frame-192in-36in-72in-g14
4877,914,192,36,3,84,14,11879,56.86,2666.92,selectivo,marco,frame-192in-36in-84in-g14
4877,914,192,36,3,96,14,10470,55.78,2616.03,selectivo,marco,frame-192in-36in-96in-g14
4877,914,192,36,3,108,14,9058,54.5,2556.19,selectivo,marco,frame-192in-36in-108in-g14
5486,914,216,36,3,36,14,15612,66.42,3114.95,selectivo,marco,frame-216in-36in-36in-g14
5486,914,216,36,3,42,14,15654,64.02,3002.59,selectivo,marco,frame-216in-36in-42in-g14
5486,914,216,36,3,48,14,15640,62.73,2942.17,selectivo,marco,frame-216in-36in-48in-g14
5486,914,216,36,3,54,14,15096,61.29,2874.59,selectivo,marco,frame-216in-36in-54in-g14
5486,914,216,36,3,60,14,14519,60.07,2817.08,selectivo,marco,frame-216in-36in-60in-g14
5486,914,216,36,3,72,14,13239,66.42,3114.95,selectivo,marco,frame-216in-36in-72in-g14
5486,914,216,36,3,84,14,11865,63.96,2999.94,selectivo,marco,frame-216in-36in-84in-g14
5486,914,216,36,3,96,14,10458,62.74,2942.70,selectivo,marco,frame-216in-36in-96in-g14
5486,914,216,36,3,108,14,9045,61.31,2875.38,selectivo,marco,frame-216in-36in-108in-g14
6096,914,240,36,3,36,14,15584,73.8,3461.31,selectivo,marco,frame-240in-36in-36in-g14
6096,914,240,36,3,42,14,15631,71.14,3336.45,selectivo,marco,frame-240in-36in-42in-g14
6096,914,240,36,3,48,14,15618,69.71,3269.31,selectivo,marco,frame-240in-36in-48in-g14
6096,914,240,36,3,54,14,15076,68.11,3194.22,selectivo,marco,frame-240in-36in-54in-g14
6096,914,240,36,3,60,14,14501,66.74,3130.32,selectivo,marco,frame-240in-36in-60in-g14
6096,914,240,36,3,72,14,13223,73.8,3461.31,selectivo,marco,frame-240in-36in-72in-g14
6096,914,240,36,3,84,14,11850,71.08,3333.51,selectivo,marco,frame-240in-36in-84in-g14
6096,914,240,36,3,96,14,10445,69.72,3269.90,selectivo,marco,frame-240in-36in-96in-g14
6096,914,240,36,3,108,14,9031,68.13,3195.10,selectivo,marco,frame-240in-36in-108in-g14
6706,914,264,36,3,36,14,15557,81.19,3807.67,selectivo,marco,frame-264in-36in-36in-g14
6706,914,264,36,3,42,14,15608,78.26,3670.32,selectivo,marco,frame-264in-36in-42in-g14
6706,914,264,36,3,48,14,15596,76.68,3596.46,selectivo,marco,frame-264in-36in-48in-g14
6706,914,264,36,3,54,14,15056,74.92,3513.85,selectivo,marco,frame-264in-36in-54in-g14
6706,914,264,36,3,60,14,14483,73.42,3443.55,selectivo,marco,frame-264in-36in-60in-g14
6706,914,264,36,3,72,14,13208,81.19,3807.67,selectivo,marco,frame-264in-36in-72in-g14
6706,914,264,36,3,84,14,11836,78.19,3667.08,selectivo,marco,frame-264in-36in-84in-g14
6706,914,264,36,3,96,14,10432,76.7,3597.10,selectivo,marco,frame-264in-36in-96in-g14
6706,914,264,36,3,108,14,9018,74.94,3514.82,selectivo,marco,frame-264in-36in-108in-g14
7315,914,288,36,3,36,14,15529,88.56,4153.46,selectivo,marco,frame-288in-36in-36in-g14
7315,914,288,36,3,42,14,15585,85.37,4003.63,selectivo,marco,frame-288in-36in-42in-g14
7315,914,288,36,3,48,14,15575,83.65,3923.07,selectivo,marco,frame-288in-36in-48in-g14
7315,914,288,36,3,54,14,15036,81.73,3832.96,selectivo,marco,frame-288in-36in-54in-g14
7315,914,288,36,3,60,14,14465,80.09,3756.28,selectivo,marco,frame-288in-36in-60in-g14
7315,914,288,36,3,72,14,13192,88.56,4153.46,selectivo,marco,frame-288in-36in-72in-g14
7315,914,288,36,3,84,14,11821,85.29,4000.10,selectivo,marco,frame-288in-36in-84in-g14
7315,914,288,36,3,96,14,10419,83.66,3923.77,selectivo,marco,frame-288in-36in-96in-g14
7315,914,288,36,3,108,14,9005,81.75,3834.02,selectivo,marco,frame-288in-36in-108in-g14
7925,914,312,36,3,36,14,15502,95.94,4499.82,selectivo,marco,frame-312in-36in-36in-g14
7925,914,312,36,3,42,14,15562,92.48,4337.50,selectivo,marco,frame-312in-36in-42in-g14
7925,914,312,36,3,48,14,15553,90.62,4250.21,selectivo,marco,frame-312in-36in-48in-g14
7925,914,312,36,3,54,14,15015,88.54,4152.59,selectivo,marco,frame-312in-36in-54in-g14
7925,914,312,36,3,60,14,14447,86.77,4069.51,selectivo,marco,frame-312in-36in-60in-g14
7925,914,312,36,3,72,14,13176,95.94,4499.82,selectivo,marco,frame-312in-36in-72in-g14
7925,914,312,36,3,84,14,11807,92.4,4333.67,selectivo,marco,frame-312in-36in-84in-g14
7925,914,312,36,3,96,14,10407,90.64,4250.98,selectivo,marco,frame-312in-36in-96in-g14
7925,914,312,36,3,108,14,8992,88.57,4153.74,selectivo,marco,frame-312in-36in-108in-g14
8534,914,336,36,3,36,14,15474,104.09,4881.92,selectivo,marco,frame-336in-36in-36in-g14
8534,914,336,36,3,42,14,15539,101.89,4778.85,selectivo,marco,frame-336in-36in-42in-g14
8534,914,336,36,3,48,14,15532,99.4,4661.68,selectivo,marco,frame-336in-36in-48in-g14
8534,914,336,36,3,54,14,14995,96.6,4530.41,selectivo,marco,frame-336in-36in-54in-g14
8534,914,336,36,3,60,14,14429,93.4,4380.52,selectivo,marco,frame-336in-36in-60in-g14
8534,914,336,36,3,72,14,13160,104.09,4881.92,selectivo,marco,frame-336in-36in-72in-g14
8534,914,336,36,3,84,14,11793,101.85,4776.95,selectivo,marco,frame-336in-36in-84in-g14
8534,914,336,36,3,96,14,10394,99.42,4662.79,selectivo,marco,frame-336in-36in-96in-g14
8534,914,336,36,3,108,14,8978,96.6,4530.41,selectivo,marco,frame-336in-36in-108in-g14
9144,914,360,36,3,36,14,15446,112.36,5269.82,selectivo,marco,frame-360in-36in-36in-g14
9144,914,360,36,3,42,14,15517,106.48,4993.96,selectivo,marco,frame-360in-36in-42in-g14
9144,914,360,36,3,48,14,15510,103.98,4876.79,selectivo,marco,frame-360in-36in-48in-g14
9144,914,360,36,3,54,14,14975,101.18,4745.52,selectivo,marco,frame-360in-36in-54in-g14
9144,914,360,36,3,60,14,14411,102.48,4806.36,selectivo,marco,frame-360in-36in-60in-g14
9144,914,360,36,3,72,14,13144,112.36,5269.82,selectivo,marco,frame-360in-36in-72in-g14
9144,914,360,36,3,84,14,11778,106.44,4992.06,selectivo,marco,frame-360in-36in-84in-g14
9144,914,360,36,3,96,14,10381,104.01,4877.90,selectivo,marco,frame-360in-36in-96in-g14
9144,914,360,36,3,108,14,8965,101.18,4745.52,selectivo,marco,frame-360in-36in-108in-g14
9754,914,384,36,3,36,14,15419,116.95,5484.93,selectivo,marco,frame-384in-36in-36in-g14
9754,914,384,36,3,42,14,15494,114.94,5390.58,selectivo,marco,frame-384in-36in-42in-g14
9754,914,384,36,3,48,14,15488,112.64,5282.59,selectivo,marco,frame-384in-36in-48in-g14
9754,914,384,36,3,54,14,14955,110.05,5161.22,selectivo,marco,frame-384in-36in-54in-g14
9754,914,384,36,3,60,14,14393,107.07,5021.47,selectivo,marco,frame-384in-36in-60in-g14
9754,914,384,36,3,72,14,13128,116.95,5484.93,selectivo,marco,frame-384in-36in-72in-g14
9754,914,384,36,3,84,14,11764,114.89,5388.44,selectivo,marco,frame-384in-36in-84in-g14
9754,914,384,36,3,96,14,10369,112.66,5283.86,selectivo,marco,frame-384in-36in-96in-g14
9754,914,384,36,3,108,14,8952,110.05,5161.22,selectivo,marco,frame-384in-36in-108in-g14
10363,914,408,36,3,36,14,15391,125.21,5872.48,selectivo,marco,frame-408in-36in-36in-g14
10363,914,408,36,3,42,14,15471,119.52,5605.33,selectivo,marco,frame-408in-36in-42in-g14
10363,914,408,36,3,48,14,15467,117.21,5497.35,selectivo,marco,frame-408in-36in-48in-g14
10363,914,408,36,3,54,14,14935,114.63,5375.98,selectivo,marco,frame-408in-36in-54in-g14
10363,914,408,36,3,60,14,14376,111.65,5236.23,selectivo,marco,frame-408in-36in-60in-g14
10363,914,408,36,3,72,14,13113,125.21,5872.48,selectivo,marco,frame-408in-36in-72in-g14
10363,914,408,36,3,84,14,11749,119.47,5603.20,selectivo,marco,frame-408in-36in-84in-g14
10363,914,408,36,3,96,14,10356,117.24,5498.62,selectivo,marco,frame-408in-36in-96in-g14
10363,914,408,36,3,108,14,8938,114.63,5375.98,selectivo,marco,frame-408in-36in-108in-g14
10973,914,432,36,3,36,14,15364,133.48,6260.37,selectivo,marco,frame-432in-36in-36in-g14
10973,914,432,36,3,42,14,15448,127.97,6001.95,selectivo,marco,frame-432in-36in-42in-g14
10973,914,432,36,3,48,14,15445,125.87,5903.16,selectivo,marco,frame-432in-36in-48in-g14
10973,914,432,36,3,54,14,14914,123.49,5791.69,selectivo,marco,frame-432in-36in-54in-g14
10973,914,432,36,3,60,14,14358,120.73,5662.08,selectivo,marco,frame-432in-36in-60in-g14
10973,914,432,36,3,72,14,13097,133.48,6260.37,selectivo,marco,frame-432in-36in-72in-g14
10973,914,432,36,3,84,14,11735,127.92,5999.57,selectivo,marco,frame-432in-36in-84in-g14
10973,914,432,36,3,96,14,10343,125.9,5904.58,selectivo,marco,frame-432in-36in-96in-g14
10973,914,432,36,3,108,14,8925,123.49,5791.69,selectivo,marco,frame-432in-36in-108in-g14
11582,914,456,36,3,36,14,15336,138.06,6475.13,selectivo,marco,frame-456in-36in-36in-g14
11582,914,456,36,3,42,14,15425,132.55,6216.71,selectivo,marco,frame-456in-36in-42in-g14
11582,914,456,36,3,48,14,15424,130.45,6117.91,selectivo,marco,frame-456in-36in-48in-g14
11582,914,456,36,3,54,14,14894,128.07,6006.45,selectivo,marco,frame-456in-36in-54in-g14
11582,914,456,36,3,60,14,14340,125.31,5876.84,selectivo,marco,frame-456in-36in-60in-g14
11582,914,456,36,3,72,14,13081,138.06,6475.13,selectivo,marco,frame-456in-36in-72in-g14
11582,914,456,36,3,84,14,11721,132.5,6214.33,selectivo,marco,frame-456in-36in-84in-g14
11582,914,456,36,3,96,14,10330,130.48,6119.34,selectivo,marco,frame-456in-36in-96in-g14
11582,914,456,36,3,108,14,8912,128.07,6006.45,selectivo,marco,frame-456in-36in-108in-g14
2083,1067,82,42,3,36,14,15766,26.27,1232.03,selectivo,marco,frame-82in-42in-36in-g14
2083,1067,82,42,3,42,14,15782,25.01,1172.77,selectivo,marco,frame-82in-42in-42in-g14
2083,1067,82,42,3,48,14,15760,24.57,1152.54,selectivo,marco,frame-82in-42in-48in-g14
2083,1067,82,42,3,54,14,15209,23.92,1121.95,selectivo,marco,frame-82in-42in-54in-g14
2083,1067,82,42,3,60,14,14619,23.38,1096.49,selectivo,marco,frame-82in-42in-60in-g14
2083,1067,82,42,3,72,14,13328,26.26,1231.63,selectivo,marco,frame-82in-42in-72in-g14
2133,1067,84,42,3,36,14,15764,26.9,1261.61,selectivo,marco,frame-84in-42in-36in-g14
2133,1067,84,42,3,42,14,15780,25.61,1200.92,selectivo,marco,frame-84in-42in-42in-g14
2133,1067,84,42,3,48,14,15758,25.16,1180.21,selectivo,marco,frame-84in-42in-48in-g14
2133,1067,84,42,3,54,14,15207,24.5,1148.88,selectivo,marco,frame-84in-42in-54in-g14
2133,1067,84,42,3,60,14,14617,23.94,1122.81,selectivo,marco,frame-84in-42in-60in-g14
2133,1067,84,42,3,72,14,13327,26.89,1261.20,selectivo,marco,frame-84in-42in-72in-g14
2438,1067,96,42,3,36,14,15750,30.75,1442.01,selectivo,marco,frame-96in-42in-36in-g14
2438,1067,96,42,3,42,14,15768,29.27,1372.64,selectivo,marco,frame-96in-42in-42in-g14
2438,1067,96,42,3,48,14,15748,28.76,1348.97,selectivo,marco,frame-96in-42in-48in-g14
2438,1067,96,42,3,54,14,15197,28,1313.16,selectivo,marco,frame-96in-42in-54in-g14
2438,1067,96,42,3,60,14,14608,27.36,1283.37,selectivo,marco,frame-96in-42in-60in-g14
2438,1067,96,42,3,72,14,13319,30.74,1441.53,selectivo,marco,frame-96in-42in-72in-g14
2438,1067,96,42,3,84,14,11936,29.46,1381.71,selectivo,marco,frame-96in-42in-84in-g14
3048,1067,120,42,3,36,14,15722,38.44,1802.80,selectivo,marco,frame-120in-42in-36in-g14
3048,1067,120,42,3,42,14,15746,36.59,1716.08,selectivo,marco,frame-120in-42in-42in-g14
3048,1067,120,42,3,48,14,15726,35.96,1686.48,selectivo,marco,frame-120in-42in-48in-g14
3048,1067,120,42,3,54,14,15177,35,1641.72,selectivo,marco,frame-120in-42in-54in-g14
3048,1067,120,42,3,60,14,14590,34.21,1604.47,selectivo,marco,frame-120in-42in-60in-g14
3048,1067,120,42,3,72,14,13303,38.43,1802.21,selectivo,marco,frame-120in-42in-72in-g14
3048,1067,120,42,3,84,14,11922,36.83,1727.42,selectivo,marco,frame-120in-42in-84in-g14
3048,1067,120,42,3,96,14,10508,35.98,1687.37,selectivo,marco,frame-120in-42in-96in-g14
3048,1067,120,42,3,108,14,9098,35,1641.72,selectivo,marco,frame-120in-42in-108in-g14
3658,1067,144,42,3,36,14,15695,46.13,2163.60,selectivo,marco,frame-144in-42in-36in-g14
3658,1067,144,42,3,42,14,15723,43.91,2059.52,selectivo,marco,frame-144in-42in-42in-g14
3658,1067,144,42,3,48,14,15704,43.16,2024.00,selectivo,marco,frame-144in-42in-48in-g14
3658,1067,144,42,3,54,14,15157,42.01,1970.28,selectivo,marco,frame-144in-42in-54in-g14
3658,1067,144,42,3,60,14,14573,41.06,1925.58,selectivo,marco,frame-144in-42in-60in-g14
3658,1067,144,42,3,72,14,13287,46.12,2162.89,selectivo,marco,frame-144in-42in-72in-g14
3658,1067,144,42,3,84,14,11908,44.2,2073.13,selectivo,marco,frame-144in-42in-84in-g14
3658,1067,144,42,3,96,14,10496,43.18,2025.06,selectivo,marco,frame-144in-42in-96in-g14
3658,1067,144,42,3,108,14,9084,42.01,1970.28,selectivo,marco,frame-144in-42in-108in-g14
4267,1067,168,42,3,36,14,15667,53.81,2523.81,selectivo,marco,frame-168in-42in-36in-g14
4267,1067,168,42,3,42,14,15700,51.22,2402.40,selectivo,marco,frame-168in-42in-42in-g14
4267,1067,168,42,3,48,14,15683,50.34,2360.97,selectivo,marco,frame-168in-42in-48in-g14
4267,1067,168,42,3,54,14,15137,49,2298.30,selectivo,marco,frame-168in-42in-54in-g14
4267,1067,168,42,3,60,14,14555,47.89,2246.15,selectivo,marco,frame-168in-42in-60in-g14
4267,1067,168,42,3,72,14,13271,53.79,2522.98,selectivo,marco,frame-168in-42in-72in-g14
4267,1067,168,42,3,84,14,11893,51.56,2418.27,selectivo,marco,frame-168in-42in-84in-g14
4267,1067,168,42,3,96,14,10483,50.37,2362.20,selectivo,marco,frame-168in-42in-96in-g14
4267,1067,168,42,3,108,14,9071,49,2298.30,selectivo,marco,frame-168in-42in-108in-g14
4877,1067,192,42,3,36,14,15639,61.51,2884.60,selectivo,marco,frame-192in-42in-36in-g14
4877,1067,192,42,3,42,14,15677,58.55,2745.84,selectivo,marco,frame-192in-42in-42in-g14
4877,1067,192,42,3,48,14,15661,57.54,2698.48,selectivo,marco,frame-192in-42in-48in-g14
4877,1067,192,42,3,54,14,15116,56.01,2626.86,selectivo,marco,frame-192in-42in-54in-g14
4877,1067,192,42,3,60,14,14537,54.74,2567.26,selectivo,marco,frame-192in-42in-60in-g14
4877,1067,192,42,3,72,14,13255,61.49,2883.66,selectivo,marco,frame-192in-42in-72in-g14
4877,1067,192,42,3,84,14,11879,58.93,2763.98,selectivo,marco,frame-192in-42in-84in-g14
4877,1067,192,42,3,96,14,10470,57.57,2699.90,selectivo,marco,frame-192in-42in-96in-g14
4877,1067,192,42,3,108,14,9058,56.01,2626.86,selectivo,marco,frame-192in-42in-108in-g14
5486,1067,216,42,3,36,14,15612,69.19,3244.81,selectivo,marco,frame-216in-42in-36in-g14
5486,1067,216,42,3,42,14,15654,65.86,3088.72,selectivo,marco,frame-216in-42in-42in-g14
5486,1067,216,42,3,48,14,15640,64.72,3035.45,selectivo,marco,frame-216in-42in-48in-g14
5486,1067,216,42,3,54,14,15096,63,2954.89,selectivo,marco,frame-216in-42in-54in-g14
5486,1067,216,42,3,60,14,14519,61.57,2887.84,selectivo,marco,frame-216in-42in-60in-g14
5486,1067,216,42,3,72,14,13239,69.16,3243.75,selectivo,marco,frame-216in-42in-72in-g14
5486,1067,216,42,3,84,14,11865,66.29,3109.12,selectivo,marco,frame-216in-42in-84in-g14
5486,1067,216,42,3,96,14,10458,64.76,3037.04,selectivo,marco,frame-216in-42in-96in-g14
5486,1067,216,42,3,108,14,9045,63,2954.89,selectivo,marco,frame-216in-42in-108in-g14
6096,1067,240,42,3,36,14,15584,76.88,3605.61,selectivo,marco,frame-240in-42in-36in-g14
6096,1067,240,42,3,42,14,15631,73.18,3432.16,selectivo,marco,frame-240in-42in-42in-g14
6096,1067,240,42,3,48,14,15618,71.92,3372.97,selectivo,marco,frame-240in-42in-48in-g14
6096,1067,240,42,3,54,14,15076,70.01,3283.45,selectivo,marco,frame-240in-42in-54in-g14
6096,1067,240,42,3,60,14,14501,68.42,3208.94,selectivo,marco,frame-240in-42in-60in-g14
6096,1067,240,42,3,72,14,13223,76.85,3604.43,selectivo,marco,frame-240in-42in-72in-g14
6096,1067,240,42,3,84,14,11850,73.66,3454.83,selectivo,marco,frame-240in-42in-84in-g14
6096,1067,240,42,3,96,14,10445,71.96,3374.73,selectivo,marco,frame-240in-42in-96in-g14
6096,1067,240,42,3,108,14,9031,70.01,3283.45,selectivo,marco,frame-240in-42in-108in-g14
6706,1067,264,42,3,36,14,15557,84.57,3966.40,selectivo,marco,frame-264in-42in-36in-g14
6706,1067,264,42,3,42,14,15608,80.5,3775.60,selectivo,marco,frame-264in-42in-42in-g14
6706,1067,264,42,3,48,14,15596,79.11,3710.49,selectivo,marco,frame-264in-42in-48in-g14
6706,1067,264,42,3,54,14,15056,77.02,3612.01,selectivo,marco,frame-264in-42in-54in-g14
6706,1067,264,42,3,60,14,14483,75.27,3530.05,selectivo,marco,frame-264in-42in-60in-g14
6706,1067,264,42,3,72,14,13208,84.54,3965.11,selectivo,marco,frame-264in-42in-72in-g14
6706,1067,264,42,3,84,14,11836,81.04,3800.54,selectivo,marco,frame-264in-42in-84in-g14
6706,1067,264,42,3,96,14,10432,79.16,3712.43,selectivo,marco,frame-264in-42in-96in-g14
6706,1067,264,42,3,108,14,9018,77.02,3612.01,selectivo,marco,frame-264in-42in-108in-g14
7315,1067,288,42,3,36,14,15529,92.25,4326.61,selectivo,marco,frame-288in-42in-36in-g14
7315,1067,288,42,3,42,14,15585,87.81,4118.48,selectivo,marco,frame-288in-42in-42in-g14
7315,1067,288,42,3,48,14,15575,86.3,4047.45,selectivo,marco,frame-288in-42in-48in-g14
7315,1067,288,42,3,54,14,15036,84.01,3940.03,selectivo,marco,frame-288in-42in-54in-g14
7315,1067,288,42,3,60,14,14465,82.1,3850.63,selectivo,marco,frame-288in-42in-60in-g14
7315,1067,288,42,3,72,14,13192,92.22,4325.20,selectivo,marco,frame-288in-42in-72in-g14
7315,1067,288,42,3,84,14,11821,88.39,4145.69,selectivo,marco,frame-288in-42in-84in-g14
7315,1067,288,42,3,96,14,10419,86.34,4049.57,selectivo,marco,frame-288in-42in-96in-g14
7315,1067,288,42,3,108,14,9005,84.01,3940.03,selectivo,marco,frame-288in-42in-108in-g14
7925,1067,312,42,3,36,14,15502,99.94,4687.41,selectivo,marco,frame-312in-42in-36in-g14
7925,1067,312,42,3,42,14,15562,95.14,4461.92,selectivo,marco,frame-312in-42in-42in-g14
7925,1067,312,42,3,48,14,15553,93.5,4384.97,selectivo,marco,frame-312in-42in-48in-g14
7925,1067,312,42,3,54,14,15015,91.01,4268.59,selectivo,marco,frame-312in-42in-54in-g14
7925,1067,312,42,3,60,14,14447,88.95,4171.73,selectivo,marco,frame-312in-42in-60in-g14
7925,1067,312,42,3,72,14,13176,99.91,4685.88,selectivo,marco,frame-312in-42in-72in-g14
7925,1067,312,42,3,84,14,11807,95.77,4491.40,selectivo,marco,frame-312in-42in-84in-g14
7925,1067,312,42,3,96,14,10407,93.55,4387.27,selectivo,marco,frame-312in-42in-96in-g14
7925,1067,312,42,3,108,14,8992,91.01,4268.59,selectivo,marco,frame-312in-42in-108in-g14
8534,1067,336,42,3,36,14,15474,108.41,5084.34,selectivo,marco,frame-336in-42in-36in-g14
8534,1067,336,42,3,42,14,15539,105.64,4954.41,selectivo,marco,frame-336in-42in-42in-g14
8534,1067,336,42,3,48,14,15532,102.62,4812.92,selectivo,marco,frame-336in-42in-48in-g14
8534,1067,336,42,3,54,14,14995,99.32,4657.96,selectivo,marco,frame-336in-42in-54in-g14
8534,1067,336,42,3,60,14,14429,95.65,4486.04,selectivo,marco,frame-336in-42in-60in-g14
8534,1067,336,42,3,72,14,13160,108.41,5084.34,selectivo,marco,frame-336in-42in-72in-g14
8534,1067,336,42,3,84,14,11793,105.64,4954.41,selectivo,marco,frame-336in-42in-84in-g14
8534,1067,336,42,3,96,14,10394,102.63,4813.47,selectivo,marco,frame-336in-42in-96in-g14
8534,1067,336,42,3,108,14,8978,99.32,4657.96,selectivo,marco,frame-336in-42in-108in-g14
9144,1067,360,42,3,36,14,15446,117.13,5493.39,selectivo,marco,frame-360in-42in-36in-g14
9144,1067,360,42,3,42,14,15517,110.22,5169.52,selectivo,marco,frame-360in-42in-42in-g14
9144,1067,360,42,3,48,14,15510,107.21,5028.03,selectivo,marco,frame-360in-42in-48in-g14
9144,1067,360,42,3,54,14,14975,103.9,4873.07,selectivo,marco,frame-360in-42in-54in-g14
9144,1067,360,42,3,60,14,14411,105.13,4930.59,selectivo,marco,frame-360in-42in-60in-g14
9144,1067,360,42,3,72,14,13144,117.13,5493.39,selectivo,marco,frame-360in-42in-72in-g14
9144,1067,360,42,3,84,14,11778,110.22,5169.52,selectivo,marco,frame-360in-42in-84in-g14
9144,1067,360,42,3,96,14,10381,107.22,5028.58,selectivo,marco,frame-360in-42in-96in-g14
9144,1067,360,42,3,108,14,8965,103.9,4873.07,selectivo,marco,frame-360in-42in-108in-g14
9754,1067,384,42,3,36,14,15419,121.72,5708.50,selectivo,marco,frame-384in-42in-36in-g14
9754,1067,384,42,3,42,14,15494,119.12,5586.58,selectivo,marco,frame-384in-42in-42in-g14
9754,1067,384,42,3,48,14,15488,116.28,5453.72,selectivo,marco,frame-384in-42in-48in-g14
9754,1067,384,42,3,54,14,14955,113.18,5308.03,selectivo,marco,frame-384in-42in-54in-g14
9754,1067,384,42,3,60,14,14393,109.72,5145.70,selectivo,marco,frame-384in-42in-60in-g14
9754,1067,384,42,3,72,14,13128,121.72,5708.50,selectivo,marco,frame-384in-42in-72in-g14
9754,1067,384,42,3,84,14,11764,119.12,5586.58,selectivo,marco,frame-384in-42in-84in-g14
9754,1067,384,42,3,96,14,10369,116.3,5454.35,selectivo,marco,frame-384in-42in-96in-g14
9754,1067,384,42,3,108,14,8952,113.18,5308.03,selectivo,marco,frame-384in-42in-108in-g14
10363,1067,408,42,3,36,14,15391,130.43,6117.20,selectivo,marco,frame-408in-42in-36in-g14
10363,1067,408,42,3,42,14,15471,123.7,5801.33,selectivo,marco,frame-408in-42in-42in-g14
10363,1067,408,42,3,48,14,15467,120.86,5668.48,selectivo,marco,frame-408in-42in-48in-g14
10363,1067,408,42,3,54,14,14935,117.76,5522.78,selectivo,marco,frame-408in-42in-54in-g14
10363,1067,408,42,3,60,14,14376,114.3,5360.45,selectivo,marco,frame-408in-42in-60in-g14
10363,1067,408,42,3,72,14,13113,130.43,6117.20,selectivo,marco,frame-408in-42in-72in-g14
10363,1067,408,42,3,84,14,11749,123.7,5801.33,selectivo,marco,frame-408in-42in-84in-g14
10363,1067,408,42,3,96,14,10356,120.88,5669.11,selectivo,marco,frame-408in-42in-96in-g14
10363,1067,408,42,3,108,14,8938,117.76,5522.78,selectivo,marco,frame-408in-42in-108in-g14
10973,1067,432,42,3,36,14,15364,139.15,6526.25,selectivo,marco,frame-432in-42in-36in-g14
10973,1067,432,42,3,42,14,15448,127.37,5973.47,selectivo,marco,frame-432in-42in-42in-g14
10973,1067,432,42,3,48,14,15445,129.94,6094.16,selectivo,marco,frame-432in-42in-48in-g14
10973,1067,432,42,3,54,14,14914,127.03,5957.74,selectivo,marco,frame-432in-42in-54in-g14
10973,1067,432,42,3,60,14,14358,123.77,5805.00,selectivo,marco,frame-432in-42in-60in-g14
10973,1067,432,42,3,72,14,13097,139.15,6526.25,selectivo,marco,frame-432in-42in-72in-g14
10973,1067,432,42,3,84,14,11735,132.59,6218.39,selectivo,marco,frame-432in-42in-84in-g14
10973,1067,432,42,3,96,14,10343,129.95,6094.88,selectivo,marco,frame-432in-42in-96in-g14
10973,1067,432,42,3,108,14,8925,127.03,5957.74,selectivo,marco,frame-432in-42in-108in-g14
11582,1067,456,42,3,36,14,15336,143.73,6741.01,selectivo,marco,frame-456in-42in-36in-g14
11582,1067,456,42,3,42,14,15425,137.17,6433.14,selectivo,marco,frame-456in-42in-42in-g14
11582,1067,456,42,3,48,14,15424,134.52,6308.92,selectivo,marco,frame-456in-42in-48in-g14
11582,1067,456,42,3,54,14,14894,131.61,6172.50,selectivo,marco,frame-456in-42in-54in-g14
11582,1067,456,42,3,60,14,14340,128.35,6019.76,selectivo,marco,frame-456in-42in-60in-g14
11582,1067,456,42,3,72,14,13081,143.73,6741.01,selectivo,marco,frame-456in-42in-72in-g14
11582,1067,456,42,3,84,14,11721,137.17,6433.14,selectivo,marco,frame-456in-42in-84in-g14
11582,1067,456,42,3,96,14,10330,134.53,6309.63,selectivo,marco,frame-456in-42in-96in-g14
11582,1067,456,42,3,108,14,8912,131.61,6172.50,selectivo,marco,frame-456in-42in-108in-g14
2083,914,82,36,3,36,12,22145,34.48,1617.02,selectivo,marco,frame-82in-36in-36in-g12
2083,914,82,36,3,42,12,22162,33.26,1559.66,selectivo,marco,frame-82in-36in-42in-g12
2083,914,82,36,3,48,12,22076,32.58,1528.17,selectivo,marco,frame-82in-36in-48in-g12
2083,914,82,36,3,54,12,21299,31.86,1494.26,selectivo,marco,frame-82in-36in-54in-g12
2083,914,82,36,3,60,12,20467,31.23,1464.47,selectivo,marco,frame-82in-36in-60in-g12
2083,914,82,36,3,72,12,18652,34.48,1617.02,selectivo,marco,frame-82in-36in-72in-g12
2133,914,84,36,3,36,12,22143,35.31,1655.83,selectivo,marco,frame-84in-36in-36in-g12
2133,914,84,36,3,42,12,22160,34.05,1597.10,selectivo,marco,frame-84in-36in-42in-g12
2133,914,84,36,3,48,12,22074,33.37,1564.85,selectivo,marco,frame-84in-36in-48in-g12
2133,914,84,36,3,54,12,21297,32.63,1530.13,selectivo,marco,frame-84in-36in-54in-g12
2133,914,84,36,3,60,12,20465,31.97,1499.63,selectivo,marco,frame-84in-36in-60in-g12
2133,914,84,36,3,72,12,18650,35.31,1655.83,selectivo,marco,frame-84in-36in-72in-g12
2438,914,96,36,3,36,12,22128,40.35,1892.60,selectivo,marco,frame-96in-36in-36in-g12
2438,914,96,36,3,42,12,22147,38.92,1825.47,selectivo,marco,frame-96in-36in-42in-g12
2438,914,96,36,3,48,12,22062,38.14,1788.61,selectivo,marco,frame-96in-36in-48in-g12
2438,914,96,36,3,54,12,21286,37.29,1748.92,selectivo,marco,frame-96in-36in-54in-g12
2438,914,96,36,3,60,12,20455,36.55,1714.06,selectivo,marco,frame-96in-36in-60in-g12
2438,914,96,36,3,72,12,18641,40.35,1892.60,selectivo,marco,frame-96in-36in-72in-g12
2438,914,96,36,3,84,12,16701,38.87,1823.12,selectivo,marco,frame-96in-36in-84in-g12
3048,914,120,36,3,36,12,22099,50.45,2366.14,selectivo,marco,frame-120in-36in-36in-g12
3048,914,120,36,3,42,12,22123,48.66,2282.22,selectivo,marco,frame-120in-36in-42in-g12
3048,914,120,36,3,48,12,22039,47.68,2236.13,selectivo,marco,frame-120in-36in-48in-g12
3048,914,120,36,3,54,12,21264,46.62,2186.51,selectivo,marco,frame-120in-36in-54in-g12
3048,914,120,36,3,60,12,20435,45.69,2142.93,selectivo,marco,frame-120in-36in-60in-g12
3048,914,120,36,3,72,12,18624,50.45,2366.14,selectivo,marco,frame-120in-36in-72in-g12
3048,914,120,36,3,84,12,16685,48.6,2279.27,selectivo,marco,frame-120in-36in-84in-g12
3048,914,120,36,3,96,12,14698,47.69,2236.57,selectivo,marco,frame-120in-36in-96in-g12
3048,914,120,36,3,108,12,12720,46.62,2186.51,selectivo,marco,frame-120in-36in-108in-g12
3658,914,144,36,3,36,12,22069,60.55,2839.68,selectivo,marco,frame-144in-36in-36in-g12
3658,914,144,36,3,42,12,22098,58.4,2738.96,selectivo,marco,frame-144in-36in-42in-g12
3658,914,144,36,3,48,12,22015,57.22,2683.65,selectivo,marco,frame-144in-36in-48in-g12
3658,914,144,36,3,54,12,21242,55.95,2624.10,selectivo,marco,frame-144in-36in-54in-g12
3658,914,144,36,3,60,12,20416,54.84,2571.79,selectivo,marco,frame-144in-36in-60in-g12
3658,914,144,36,3,72,12,18606,60.55,2839.68,selectivo,marco,frame-144in-36in-72in-g12
3658,914,144,36,3,84,12,16669,58.32,2735.42,selectivo,marco,frame-144in-36in-84in-g12
3658,914,144,36,3,96,12,14683,57.23,2684.18,selectivo,marco,frame-144in-36in-96in-g12
3658,914,144,36,3,108,12,12704,55.95,2624.10,selectivo,marco,frame-144in-36in-108in-g12
4267,914,168,36,3,36,12,22040,70.63,3312.44,selectivo,marco,frame-168in-36in-36in-g12
4267,914,168,36,3,42,12,22074,68.12,3194.95,selectivo,marco,frame-168in-36in-42in-g12
4267,914,168,36,3,48,12,21992,66.75,3130.44,selectivo,marco,frame-168in-36in-48in-g12
4267,914,168,36,3,54,12,21219,65.27,3060.97,selectivo,marco,frame-168in-36in-54in-g12
4267,914,168,36,3,60,12,20396,63.96,2999.96,selectivo,marco,frame-168in-36in-60in-g12
4267,914,168,36,3,72,12,18588,70.63,3312.44,selectivo,marco,frame-168in-36in-72in-g12
4267,914,168,36,3,84,12,16652,68.03,3190.83,selectivo,marco,frame-168in-36in-84in-g12
4267,914,168,36,3,96,12,14669,66.76,3131.05,selectivo,marco,frame-168in-36in-96in-g12
4267,914,168,36,3,108,12,12689,65.27,3060.97,selectivo,marco,frame-168in-36in-108in-g12
4877,914,192,36,3,36,12,22011,80.72,3785.98,selectivo,marco,frame-192in-36in-36in-g12
4877,914,192,36,3,42,12,22049,77.86,3651.70,selectivo,marco,frame-192in-36in-42in-g12
4877,914,192,36,3,48,12,21969,76.29,3577.95,selectivo,marco,frame-192in-36in-48in-g12
4877,914,192,36,3,54,12,21197,74.6,3498.56,selectivo,marco,frame-192in-36in-54in-g12
4877,914,192,36,3,60,12,20376,73.11,3428.82,selectivo,marco,frame-192in-36in-60in-g12
4877,914,192,36,3,72,12,18571,80.72,3785.98,selectivo,marco,frame-192in-36in-72in-g12
4877,914,192,36,3,84,12,16636,77.76,3646.98,selectivo,marco,frame-192in-36in-84in-g12
4877,914,192,36,3,96,12,14654,76.3,3578.66,selectivo,marco,frame-192in-36in-96in-g12
4877,914,192,36,3,108,12,12674,74.6,3498.56,selectivo,marco,frame-192in-36in-108in-g12
5486,914,216,36,3,36,12,21981,90.8,4258.75,selectivo,marco,frame-216in-36in-36in-g12
5486,914,216,36,3,42,12,22024,87.58,4107.69,selectivo,marco,frame-216in-36in-42in-g12
5486,914,216,36,3,48,12,21945,85.82,4024.74,selectivo,marco,frame-216in-36in-48in-g12
5486,914,216,36,3,54,12,21175,83.91,3935.43,selectivo,marco,frame-216in-36in-54in-g12
5486,914,216,36,3,60,12,20357,82.24,3856.99,selectivo,marco,frame-216in-36in-60in-g12
5486,914,216,36,3,72,12,18553,90.8,4258.75,selectivo,marco,frame-216in-36in-72in-g12
5486,914,216,36,3,84,12,16620,87.47,4102.39,selectivo,marco,frame-216in-36in-84in-g12
5486,914,216,36,3,96,12,14640,85.83,4025.54,selectivo,marco,frame-216in-36in-96in-g12
5486,914,216,36,3,108,12,12659,83.91,3935.43,selectivo,marco,frame-216in-36in-108in-g12
6096,914,240,36,3,36,12,21952,100.9,4732.29,selectivo,marco,frame-240in-36in-36in-g12
6096,914,240,36,3,42,12,22000,97.32,4564.43,selectivo,marco,frame-240in-36in-42in-g12
6096,914,240,36,3,48,12,21922,95.36,4472.26,selectivo,marco,frame-240in-36in-48in-g12
6096,914,240,36,3,54,12,21153,93.24,4373.02,selectivo,marco,frame-240in-36in-54in-g12
6096,914,240,36,3,60,12,20337,91.38,4285.85,selectivo,marco,frame-240in-36in-60in-g12
6096,914,240,36,3,72,12,18535,100.9,4732.29,selectivo,marco,frame-240in-36in-72in-g12
6096,914,240,36,3,84,12,16604,97.2,4558.54,selectivo,marco,frame-240in-36in-84in-g12
6096,914,240,36,3,96,12,14625,95.38,4473.14,selectivo,marco,frame-240in-36in-96in-g12
6096,914,240,36,3,108,12,12643,93.24,4373.02,selectivo,marco,frame-240in-36in-108in-g12
6706,914,264,36,3,36,12,21922,111,5205.82,selectivo,marco,frame-264in-36in-36in-g12
6706,914,264,36,3,42,12,21975,107.06,5021.17,selectivo,marco,frame-264in-36in-42in-g12
6706,914,264,36,3,48,12,21898,104.9,4919.78,selectivo,marco,frame-264in-36in-48in-g12
6706,914,264,36,3,54,12,21131,102.57,4810.61,selectivo,marco,frame-264in-36in-54in-g12
6706,914,264,36,3,60,12,20317,100.53,4714.72,selectivo,marco,frame-264in-36in-60in-g12
6706,914,264,36,3,72,12,18518,111,5205.82,selectivo,marco,frame-264in-36in-72in-g12
6706,914,264,36,3,84,12,16588,106.92,5014.70,selectivo,marco,frame-264in-36in-84in-g12
6706,914,264,36,3,96,12,14611,104.92,4920.75,selectivo,marco,frame-264in-36in-96in-g12
6706,914,264,36,3,108,12,12628,102.57,4810.61,selectivo,marco,frame-264in-36in-108in-g12
7315,914,288,36,3,36,12,21893,121.08,5678.59,selectivo,marco,frame-288in-36in-36in-g12
7315,914,288,36,3,42,12,21950,116.78,5477.17,selectivo,marco,frame-288in-36in-42in-g12
7315,914,288,36,3,48,12,21875,114.43,5366.56,selectivo,marco,frame-288in-36in-48in-g12
7315,914,288,36,3,54,12,21109,111.89,5247.48,selectivo,marco,frame-288in-36in-54in-g12
7315,914,288,36,3,60,12,20298,109.66,5142.88,selectivo,marco,frame-288in-36in-60in-g12
7315,914,288,36,3,72,12,18500,121.08,5678.59,selectivo,marco,frame-288in-36in-72in-g12
7315,914,288,36,3,84,12,16571,116.63,5470.10,selectivo,marco,frame-288in-36in-84in-g12
7315,914,288,36,3,96,12,14596,114.45,5367.63,selectivo,marco,frame-288in-36in-96in-g12
7315,914,288,36,3,108,12,12613,111.89,5247.48,selectivo,marco,frame-288in-36in-108in-g12
7925,914,312,36,3,36,12,21863,131.18,6152.13,selectivo,marco,frame-312in-36in-36in-g12
7925,914,312,36,3,42,12,21926,126.52,5933.91,selectivo,marco,frame-312in-36in-42in-g12
7925,914,312,36,3,48,12,21851,123.97,5814.08,selectivo,marco,frame-312in-36in-48in-g12
7925,914,312,36,3,54,12,21087,121.22,5685.07,selectivo,marco,frame-312in-36in-54in-g12
7925,914,312,36,3,60,12,20278,118.8,5571.75,selectivo,marco,frame-312in-36in-60in-g12
7925,914,312,36,3,72,12,18482,131.18,6152.13,selectivo,marco,frame-312in-36in-72in-g12
7925,914,312,36,3,84,12,16555,126.36,5926.25,selectivo,marco,frame-312in-36in-84in-g12
7925,914,312,36,3,96,12,14582,123.99,5815.23,selectivo,marco,frame-312in-36in-96in-g12
7925,914,312,36,3,108,12,12598,121.22,5685.07,selectivo,marco,frame-312in-36in-108in-g12
8534,914,336,36,3,36,12,21834,141.26,6624.89,selectivo,marco,frame-336in-36in-36in-g12
8534,914,336,36,3,42,12,21901,136.25,6389.91,selectivo,marco,frame-336in-36in-42in-g12
8534,914,336,36,3,48,12,21828,133.49,6260.87,selectivo,marco,frame-336in-36in-48in-g12
8534,914,336,36,3,54,12,21065,130.53,6121.94,selectivo,marco,frame-336in-36in-54in-g12
8534,914,336,36,3,60,12,20258,127.93,5999.91,selectivo,marco,frame-336in-36in-60in-g12
8534,914,336,36,3,72,12,18465,141.26,6624.89,selectivo,marco,frame-336in-36in-72in-g12
8534,914,336,36,3,84,12,16539,136.07,6381.66,selectivo,marco,frame-336in-36in-84in-g12
8534,914,336,36,3,96,12,14567,133.52,6262.11,selectivo,marco,frame-336in-36in-96in-g12
8534,914,336,36,3,108,12,12582,130.53,6121.94,selectivo,marco,frame-336in-36in-108in-g12
9144,914,360,36,3,36,12,21805,151.35,7098.43,selectivo,marco,frame-360in-36in-36in-g12
9144,914,360,36,3,42,12,21876,145.98,6846.65,selectivo,marco,frame-360in-36in-42in-g12
9144,914,360,36,3,48,12,21805,143.04,6708.39,selectivo,marco,frame-360in-36in-48in-g12
9144,914,360,36,3,54,12,21043,139.86,6559.53,selectivo,marco,frame-360in-36in-54in-g12
9144,914,360,36,3,60,12,20238,137.07,6428.78,selectivo,marco,frame-360in-36in-60in-g12
9144,914,360,36,3,72,12,18447,151.35,7098.43,selectivo,marco,frame-360in-36in-72in-g12
9144,914,360,36,3,84,12,16523,145.8,6837.81,selectivo,marco,frame-360in-36in-84in-g12
9144,914,360,36,3,96,12,14553,143.06,6709.71,selectivo,marco,frame-360in-36in-96in-g12
9144,914,360,36,3,108,12,12567,139.86,6559.53,selectivo,marco,frame-360in-36in-108in-g12
9754,914,384,36,3,36,12,21775,161.45,7571.97,selectivo,marco,frame-384in-36in-36in-g12
9754,914,384,36,3,42,12,21852,155.72,7303.39,selectivo,marco,frame-384in-36in-42in-g12
9754,914,384,36,3,48,12,21781,152.58,7155.91,selectivo,marco,frame-384in-36in-48in-g12
9754,914,384,36,3,54,12,21021,149.19,6997.12,selectivo,marco,frame-384in-36in-54in-g12
9754,914,384,36,3,60,12,20219,146.22,6857.65,selectivo,marco,frame-384in-36in-60in-g12
9754,914,384,36,3,72,12,18429,161.45,7571.97,selectivo,marco,frame-384in-36in-72in-g12
9754,914,384,36,3,84,12,16506,155.52,7293.97,selectivo,marco,frame-384in-36in-84in-g12
9754,914,384,36,3,96,12,14538,152.61,7157.32,selectivo,marco,frame-384in-36in-96in-g12
9754,914,384,36,3,108,12,12552,149.19,6997.12,selectivo,marco,frame-384in-36in-108in-g12
10363,914,408,36,3,36,12,21746,171.53,8044.73,selectivo,marco,frame-408in-36in-36in-g12
10363,914,408,36,3,42,12,21827,165.45,7759.38,selectivo,marco,frame-408in-36in-42in-g12
10363,914,408,36,3,48,12,21758,162.1,7602.69,selectivo,marco,frame-408in-36in-48in-g12
10363,914,408,36,3,54,12,20999,158.51,7433.99,selectivo,marco,frame-408in-36in-54in-g12
10363,914,408,36,3,60,12,20199,155.35,7285.81,selectivo,marco,frame-408in-36in-60in-g12
10363,914,408,36,3,72,12,18412,171.53,8044.73,selectivo,marco,frame-408in-36in-72in-g12
10363,914,408,36,3,84,12,16490,165.23,7749.37,selectivo,marco,frame-408in-36in-84in-g12
10363,914,408,36,3,96,12,14524,162.14,7604.20,selectivo,marco,frame-408in-36in-96in-g12
10363,914,408,36,3,108,12,12536,158.51,7433.99,selectivo,marco,frame-408in-36in-108in-g12
10973,914,432,36,3,36,12,21716,181.63,8518.27,selectivo,marco,frame-432in-36in-36in-g12
10973,914,432,36,3,42,12,21802,175.18,8216.13,selectivo,marco,frame-432in-36in-42in-g12
10973,914,432,36,3,48,12,21734,171.65,8050.21,selectivo,marco,frame-432in-36in-48in-g12
10973,914,432,36,3,54,12,20977,167.84,7871.58,selectivo,marco,frame-432in-36in-54in-g12
10973,914,432,36,3,60,12,20179,164.49,7714.68,selectivo,marco,frame-432in-36in-60in-g12
10973,914,432,36,3,72,12,18394,181.63,8518.27,selectivo,marco,frame-432in-36in-72in-g12
10973,914,432,36,3,84,12,16474,174.96,8205.53,selectivo,marco,frame-432in-36in-84in-g12
10973,914,432,36,3,96,12,14509,171.68,8051.80,selectivo,marco,frame-432in-36in-96in-g12
10973,914,432,36,3,108,12,12521,167.84,7871.58,selectivo,marco,frame-432in-36in-108in-g12
11582,914,456,36,3,36,12,21687,191.71,8991.03,selectivo,marco,frame-456in-36in-36in-g12
11582,914,456,36,3,42,12,21778,184.91,8672.12,selectivo,marco,frame-456in-36in-42in-g12
11582,914,456,36,3,48,12,21711,181.17,8497.00,selectivo,marco,frame-456in-36in-48in-g12
11582,914,456,36,3,54,12,20955,177.15,8308.45,selectivo,marco,frame-456in-36in-54in-g12
11582,914,456,36,3,60,12,20160,173.62,8142.84,selectivo,marco,frame-456in-36in-60in-g12
11582,914,456,36,3,72,12,18376,191.71,8991.03,selectivo,marco,frame-456in-36in-72in-g12
11582,914,456,36,3,84,12,16458,184.67,8660.93,selectivo,marco,frame-456in-36in-84in-g12
11582,914,456,36,3,96,12,14495,181.21,8498.68,selectivo,marco,frame-456in-36in-96in-g12
11582,914,456,36,3,108,12,12506,177.15,8308.45,selectivo,marco,frame-456in-36in-108in-g12
2083,1067,82,42,3,36,12,22145,35.9,1683.63,selectivo,marco,frame-82in-42in-36in-g12
2083,1067,82,42,3,42,12,22162,34.25,1606.25,selectivo,marco,frame-82in-42in-42in-g12
2083,1067,82,42,3,48,12,22076,33.6,1575.76,selectivo,marco,frame-82in-42in-48in-g12
2083,1067,82,42,3,54,12,21299,32.72,1534.61,selectivo,marco,frame-82in-42in-54in-g12
2083,1067,82,42,3,60,12,20467,31.99,1500.20,selectivo,marco,frame-82in-42in-60in-g12
2083,1067,82,42,3,72,12,18652,35.9,1683.63,selectivo,marco,frame-82in-42in-72in-g12
2133,1067,84,42,3,36,12,22143,36.76,1724.05,selectivo,marco,frame-84in-42in-36in-g12
2133,1067,84,42,3,42,12,22160,35.07,1644.81,selectivo,marco,frame-84in-42in-42in-g12
2133,1067,84,42,3,48,12,22074,34.4,1613.59,selectivo,marco,frame-84in-42in-48in-g12
2133,1067,84,42,3,54,12,21297,33.51,1571.45,selectivo,marco,frame-84in-42in-54in-g12
2133,1067,84,42,3,60,12,20465,32.75,1536.21,selectivo,marco,frame-84in-42in-60in-g12
2133,1067,84,42,3,72,12,18650,36.76,1724.05,selectivo,marco,frame-84in-42in-72in-g12
2438,1067,96,42,3,36,12,22128,42.02,1970.57,selectivo,marco,frame-96in-42in-36in-g12
2438,1067,96,42,3,42,12,22147,40.09,1880.00,selectivo,marco,frame-96in-42in-42in-g12
2438,1067,96,42,3,48,12,22062,39.32,1844.32,selectivo,marco,frame-96in-42in-48in-g12
2438,1067,96,42,3,54,12,21286,38.3,1796.15,selectivo,marco,frame-96in-42in-54in-g12
2438,1067,96,42,3,60,12,20455,37.44,1755.87,selectivo,marco,frame-96in-42in-60in-g12
2438,1067,96,42,3,72,12,18641,42.02,1970.57,selectivo,marco,frame-96in-42in-72in-g12
2438,1067,96,42,3,84,12,16701,40.18,1884.36,selectivo,marco,frame-96in-42in-84in-g12
3048,1067,120,42,3,36,12,22099,52.53,2463.62,selectivo,marco,frame-120in-42in-36in-g12
3048,1067,120,42,3,42,12,22123,50.11,2350.39,selectivo,marco,frame-120in-42in-42in-g12
3048,1067,120,42,3,48,12,22039,49.16,2305.77,selectivo,marco,frame-120in-42in-48in-g12
3048,1067,120,42,3,54,12,21264,47.88,2245.55,selectivo,marco,frame-120in-42in-54in-g12
3048,1067,120,42,3,60,12,20435,46.81,2195.20,selectivo,marco,frame-120in-42in-60in-g12
3048,1067,120,42,3,72,12,18624,52.53,2463.62,selectivo,marco,frame-120in-42in-72in-g12
3048,1067,120,42,3,84,12,16685,50.23,2355.84,selectivo,marco,frame-120in-42in-84in-g12
3048,1067,120,42,3,96,12,14698,49.2,2307.25,selectivo,marco,frame-120in-42in-96in-g12
3048,1067,120,42,3,108,12,12720,47.88,2245.55,selectivo,marco,frame-120in-42in-108in-g12
3658,1067,144,42,3,36,12,22069,63.04,2956.66,selectivo,marco,frame-144in-42in-36in-g12
3658,1067,144,42,3,42,12,22098,60.14,2820.77,selectivo,marco,frame-144in-42in-42in-g12
3658,1067,144,42,3,48,12,22015,59,2767.23,selectivo,marco,frame-144in-42in-48in-g12
3658,1067,144,42,3,54,12,21242,57.46,2694.96,selectivo,marco,frame-144in-42in-54in-g12
3658,1067,144,42,3,60,12,20416,56.17,2634.52,selectivo,marco,frame-144in-42in-60in-g12
3658,1067,144,42,3,72,12,18606,63.04,2956.66,selectivo,marco,frame-144in-42in-72in-g12
3658,1067,144,42,3,84,12,16669,60.28,2827.31,selectivo,marco,frame-144in-42in-84in-g12
3658,1067,144,42,3,96,12,14683,59.04,2769.00,selectivo,marco,frame-144in-42in-96in-g12
3658,1067,144,42,3,108,12,12704,57.46,2694.96,selectivo,marco,frame-144in-42in-108in-g12
4267,1067,168,42,3,36,12,22040,73.54,3448.90,selectivo,marco,frame-168in-42in-36in-g12
4267,1067,168,42,3,42,12,22074,70.16,3290.39,selectivo,marco,frame-168in-42in-42in-g12
4267,1067,168,42,3,48,12,21992,68.83,3227.93,selectivo,marco,frame-168in-42in-48in-g12
4267,1067,168,42,3,54,12,21219,67.03,3143.63,selectivo,marco,frame-168in-42in-54in-g12
4267,1067,168,42,3,60,12,20396,65.53,3073.13,selectivo,marco,frame-168in-42in-60in-g12
4267,1067,168,42,3,72,12,18588,73.54,3448.90,selectivo,marco,frame-168in-42in-72in-g12
4267,1067,168,42,3,84,12,16652,70.32,3298.02,selectivo,marco,frame-168in-42in-84in-g12
4267,1067,168,42,3,96,12,14669,68.87,3229.99,selectivo,marco,frame-168in-42in-96in-g12
4267,1067,168,42,3,108,12,12689,67.03,3143.63,selectivo,marco,frame-168in-42in-108in-g12
4877,1067,192,42,3,36,12,22011,84.05,3941.95,selectivo,marco,frame-192in-42in-36in-g12
4877,1067,192,42,3,42,12,22049,80.19,3760.77,selectivo,marco,frame-192in-42in-42in-g12
4877,1067,192,42,3,48,12,21969,78.67,3689.39,selectivo,marco,frame-192in-42in-48in-g12
4877,1067,192,42,3,54,12,21197,76.61,3593.03,selectivo,marco,frame-192in-42in-54in-g12
4877,1067,192,42,3,60,12,20376,74.89,3512.46,selectivo,marco,frame-192in-42in-60in-g12
4877,1067,192,42,3,72,12,18571,84.05,3941.95,selectivo,marco,frame-192in-42in-72in-g12
4877,1067,192,42,3,84,12,16636,80.37,3769.49,selectivo,marco,frame-192in-42in-84in-g12
4877,1067,192,42,3,96,12,14654,78.72,3691.75,selectivo,marco,frame-192in-42in-96in-g12
4877,1067,192,42,3,108,12,12674,76.61,3593.03,selectivo,marco,frame-192in-42in-108in-g12
5486,1067,216,42,3,36,12,21981,94.55,4434.18,selectivo,marco,frame-216in-42in-36in-g12
5486,1067,216,42,3,42,12,22024,90.2,4230.39,selectivo,marco,frame-216in-42in-42in-g12
5486,1067,216,42,3,48,12,21945,88.49,4150.09,selectivo,marco,frame-216in-42in-48in-g12
5486,1067,216,42,3,54,12,21175,86.18,4041.70,selectivo,marco,frame-216in-42in-54in-g12
5486,1067,216,42,3,60,12,20357,84.24,3951.07,selectivo,marco,frame-216in-42in-60in-g12
5486,1067,216,42,3,72,12,18553,94.55,4434.18,selectivo,marco,frame-216in-42in-72in-g12
5486,1067,216,42,3,84,12,16620,90.41,4240.20,selectivo,marco,frame-216in-42in-84in-g12
5486,1067,216,42,3,96,12,14640,88.54,4152.74,selectivo,marco,frame-216in-42in-96in-g12
5486,1067,216,42,3,108,12,12659,86.18,4041.70,selectivo,marco,frame-216in-42in-108in-g12
6096,1067,240,42,3,36,12,21952,105.06,4927.23,selectivo,marco,frame-240in-42in-36in-g12
6096,1067,240,42,3,42,12,22000,100.23,4700.78,selectivo,marco,frame-240in-42in-42in-g12
6096,1067,240,42,3,48,12,21922,98.33,4611.55,selectivo,marco,frame-240in-42in-48in-g12
6096,1067,240,42,3,54,12,21153,95.76,4491.11,selectivo,marco,frame-240in-42in-54in-g12
6096,1067,240,42,3,60,12,20337,93.61,4390.39,selectivo,marco,frame-240in-42in-60in-g12
6096,1067,240,42,3,72,12,18535,105.06,4927.23,selectivo,marco,frame-240in-42in-72in-g12
6096,1067,240,42,3,84,12,16604,100.46,4711.67,selectivo,marco,frame-240in-42in-84in-g12
6096,1067,240,42,3,96,12,14625,98.39,4614.49,selectivo,marco,frame-240in-42in-96in-g12
6096,1067,240,42,3,108,12,12643,95.76,4491.11,selectivo,marco,frame-240in-42in-108in-g12
6706,1067,264,42,3,36,12,21922,115.57,5420.28,selectivo,marco,frame-264in-42in-36in-g12
6706,1067,264,42,3,42,12,21975,110.26,5171.16,selectivo,marco,frame-264in-42in-42in-g12
6706,1067,264,42,3,48,12,21898,108.17,5073.01,selectivo,marco,frame-264in-42in-48in-g12
6706,1067,264,42,3,54,12,21131,105.34,4940.51,selectivo,marco,frame-264in-42in-54in-g12
6706,1067,264,42,3,60,12,20317,102.98,4829.72,selectivo,marco,frame-264in-42in-60in-g12
6706,1067,264,42,3,72,12,18518,115.57,5420.28,selectivo,marco,frame-264in-42in-72in-g12
6706,1067,264,42,3,84,12,16588,110.51,5183.15,selectivo,marco,frame-264in-42in-84in-g12
6706,1067,264,42,3,96,12,14611,108.24,5076.25,selectivo,marco,frame-264in-42in-96in-g12
6706,1067,264,42,3,108,12,12628,105.34,4940.51,selectivo,marco,frame-264in-42in-108in-g12
7315,1067,288,42,3,36,12,21893,126.07,5912.51,selectivo,marco,frame-288in-42in-36in-g12
7315,1067,288,42,3,42,12,21950,120.27,5640.78,selectivo,marco,frame-288in-42in-42in-g12
7315,1067,288,42,3,48,12,21875,117.99,5533.71,selectivo,marco,frame-288in-42in-48in-g12
7315,1067,288,42,3,54,12,21109,114.91,5389.18,selectivo,marco,frame-288in-42in-54in-g12
7315,1067,288,42,3,60,12,20298,112.33,5268.33,selectivo,marco,frame-288in-42in-60in-g12
7315,1067,288,42,3,72,12,18500,126.07,5912.51,selectivo,marco,frame-288in-42in-72in-g12
7315,1067,288,42,3,84,12,16571,120.55,5653.85,selectivo,marco,frame-288in-42in-84in-g12
7315,1067,288,42,3,96,12,14596,118.06,5537.24,selectivo,marco,frame-288in-42in-96in-g12
7315,1067,288,42,3,108,12,12613,114.91,5389.18,selectivo,marco,frame-288in-42in-108in-g12
7925,1067,312,42,3,36,12,21863,136.58,6405.56,selectivo,marco,frame-312in-42in-36in-g12
7925,1067,312,42,3,42,12,21926,130.3,6111.16,selectivo,marco,frame-312in-42in-42in-g12
7925,1067,312,42,3,48,12,21851,127.83,5995.16,selectivo,marco,frame-312in-42in-48in-g12
7925,1067,312,42,3,54,12,21087,124.49,5838.59,selectivo,marco,frame-312in-42in-54in-g12
7925,1067,312,42,3,60,12,20278,121.7,5707.66,selectivo,marco,frame-312in-42in-60in-g12
7925,1067,312,42,3,72,12,18482,136.58,6405.56,selectivo,marco,frame-312in-42in-72in-g12
7925,1067,312,42,3,84,12,16555,130.6,6125.33,selectivo,marco,frame-312in-42in-84in-g12
7925,1067,312,42,3,96,12,14582,127.91,5998.99,selectivo,marco,frame-312in-42in-96in-g12
7925,1067,312,42,3,108,12,12598,124.49,5838.59,selectivo,marco,frame-312in-42in-108in-g12
8534,1067,336,42,3,36,12,21834,147.07,6897.80,selectivo,marco,frame-336in-42in-36in-g12
8534,1067,336,42,3,42,12,21901,140.32,6580.78,selectivo,marco,frame-336in-42in-42in-g12
8534,1067,336,42,3,48,12,21828,137.65,6455.87,selectivo,marco,frame-336in-42in-48in-g12
8534,1067,336,42,3,54,12,21065,134.06,6287.25,selectivo,marco,frame-336in-42in-54in-g12
8534,1067,336,42,3,60,12,20258,131.05,6146.26,selectivo,marco,frame-336in-42in-60in-g12
8534,1067,336,42,3,72,12,18465,147.07,6897.80,selectivo,marco,frame-336in-42in-72in-g12
8534,1067,336,42,3,84,12,16539,140.64,6596.03,selectivo,marco,frame-336in-42in-84in-g12
8534,1067,336,42,3,96,12,14567,137.74,6459.99,selectivo,marco,frame-336in-42in-96in-g12
8534,1067,336,42,3,108,12,12582,134.06,6287.25,selectivo,marco,frame-336in-42in-108in-g12
9144,1067,360,42,3,36,12,21805,157.59,7390.85,selectivo,marco,frame-360in-42in-36in-g12
9144,1067,360,42,3,42,12,21876,150.34,7051.16,selectivo,marco,frame-360in-42in-42in-g12
9144,1067,360,42,3,48,12,21805,147.49,6917.32,selectivo,marco,frame-360in-42in-48in-g12
9144,1067,360,42,3,54,12,21043,143.64,6736.66,selectivo,marco,frame-360in-42in-54in-g12
9144,1067,360,42,3,60,12,20238,140.42,6585.59,selectivo,marco,frame-360in-42in-60in-g12
9144,1067,360,42,3,72,12,18447,157.59,7390.85,selectivo,marco,frame-360in-42in-72in-g12
9144,1067,360,42,3,84,12,16523,150.69,7067.51,selectivo,marco,frame-360in-42in-84in-g12
9144,1067,360,42,3,96,12,14553,147.59,6921.74,selectivo,marco,frame-360in-42in-96in-g12
9144,1067,360,42,3,108,12,12567,143.64,6736.66,selectivo,marco,frame-360in-42in-108in-g12
9754,1067,384,42,3,36,12,21775,168.1,7883.89,selectivo,marco,frame-384in-42in-36in-g12
9754,1067,384,42,3,42,12,21852,160.37,7521.55,selectivo,marco,frame-384in-42in-42in-g12
9754,1067,384,42,3,48,12,21781,157.33,7378.78,selectivo,marco,frame-384in-42in-48in-g12
9754,1067,384,42,3,54,12,21021,153.22,7186.06,selectivo,marco,frame-384in-42in-54in-g12
9754,1067,384,42,3,60,12,20219,149.79,7024.92,selectivo,marco,frame-384in-42in-60in-g12
9754,1067,384,42,3,72,12,18429,168.1,7883.89,selectivo,marco,frame-384in-42in-72in-g12
9754,1067,384,42,3,84,12,16506,160.75,7538.98,selectivo,marco,frame-384in-42in-84in-g12
9754,1067,384,42,3,96,12,14538,157.43,7383.49,selectivo,marco,frame-384in-42in-96in-g12
9754,1067,384,42,3,108,12,12552,153.22,7186.06,selectivo,marco,frame-384in-42in-108in-g12
10363,1067,408,42,3,36,12,21746,178.6,8376.13,selectivo,marco,frame-408in-42in-36in-g12
10363,1067,408,42,3,42,12,21827,170.39,7991.16,selectivo,marco,frame-408in-42in-42in-g12
10363,1067,408,42,3,48,12,21758,167.15,7839.48,selectivo,marco,frame-408in-42in-48in-g12
10363,1067,408,42,3,54,12,20999,162.79,7634.73,selectivo,marco,frame-408in-42in-54in-g12
10363,1067,408,42,3,60,12,20199,159.14,7463.53,selectivo,marco,frame-408in-42in-60in-g12
10363,1067,408,42,3,72,12,18412,178.6,8376.13,selectivo,marco,frame-408in-42in-72in-g12
10363,1067,408,42,3,84,12,16490,170.78,8009.69,selectivo,marco,frame-408in-42in-84in-g12
10363,1067,408,42,3,96,12,14524,167.26,7844.49,selectivo,marco,frame-408in-42in-96in-g12
10363,1067,408,42,3,108,12,12536,162.79,7634.73,selectivo,marco,frame-408in-42in-108in-g12
10973,1067,432,42,3,36,12,21716,189.11,8869.18,selectivo,marco,frame-432in-42in-36in-g12
10973,1067,432,42,3,42,12,21802,180.42,8461.55,selectivo,marco,frame-432in-42in-42in-g12
10973,1067,432,42,3,48,12,21734,176.99,8300.94,selectivo,marco,frame-432in-42in-48in-g12
10973,1067,432,42,3,54,12,20977,172.37,8084.14,selectivo,marco,frame-432in-42in-54in-g12
10973,1067,432,42,3,60,12,20179,168.5,7902.85,selectivo,marco,frame-432in-42in-60in-g12
10973,1067,432,42,3,72,12,18394,189.11,8869.18,selectivo,marco,frame-432in-42in-72in-g12
10973,1067,432,42,3,84,12,16474,180.84,8481.16,selectivo,marco,frame-432in-42in-84in-g12
10973,1067,432,42,3,96,12,14509,177.11,8306.24,selectivo,marco,frame-432in-42in-96in-g12
10973,1067,432,42,3,108,12,12521,172.37,8084.14,selectivo,marco,frame-432in-42in-108in-g12
11582,1067,456,42,3,36,12,21687,199.6,9361.41,selectivo,marco,frame-456in-42in-36in-g12
11582,1067,456,42,3,42,12,21778,190.43,8931.17,selectivo,marco,frame-456in-42in-42in-g12
11582,1067,456,42,3,48,12,21711,186.82,8761.64,selectivo,marco,frame-456in-42in-48in-g12
11582,1067,456,42,3,54,12,20955,181.94,8532.81,selectivo,marco,frame-456in-42in-54in-g12
11582,1067,456,42,3,60,12,20160,177.86,8341.46,selectivo,marco,frame-456in-42in-60in-g12
11582,1067,456,42,3,72,12,18376,199.6,9361.41,selectivo,marco,frame-456in-42in-72in-g12
11582,1067,456,42,3,84,12,16458,190.87,8951.87,selectivo,marco,frame-456in-42in-84in-g12
11582,1067,456,42,3,96,12,14495,186.93,8767.23,selectivo,marco,frame-456in-42in-96in-g12
11582,1067,456,42,3,108,12,12506,181.94,8532.81,selectivo,marco,frame-456in-42in-108in-g12