gauge,depth_in,height_in,width_in (column profile),price_cents,price,weight_kg,load_capacity_kg,type,category
14,36,82,3,118273,1182.73,25.22,15766,selectivo,marco
14,36,82,3,114006,1140.06,24.31,15782,selectivo,marco
14,36,82,3,111742,1117.42,23.82,15760,selectivo,marco
14,36,82,3,109146,1091.46,23.27,15209,selectivo,marco
14,36,82,3,106963,1069.63,22.81,14619,selectivo,marco
14,36,82,3,118273,1182.73,25.22,13328,selectivo,marco
14,42,82,3,123203,1232.03,26.27,15766,selectivo,marco
14,42,82,3,117277,1172.77,25.01,15782,selectivo,marco
14,42,82,3,115254,1152.54,24.57,15760,selectivo,marco
14,42,82,3,112195,1121.95,23.92,15209,selectivo,marco
14,42,82,3,109649,1096.49,23.38,14619,selectivo,marco
14,42,82,3,123163,1231.63,26.26,13328,selectivo,marco
12,36,82,3,161702,1617.02,34.48,22145,selectivo,marco
12,36,82,3,155966,1559.66,33.26,22162,selectivo,marco
12,36,82,3,152817,1528.17,32.58,22076,selectivo,marco
12,36,82,3,149426,1494.26,31.86,21299,selectivo,marco
12,36,82,3,146447,1464.47,31.23,20467,selectivo,marco
12,36,82,3,161702,1617.02,34.48,18652,selectivo,marco
12,42,82,3,168363,1683.63,35.9,22145,selectivo,marco
12,42,82,3,160625,1606.25,34.25,22162,selectivo,marco
12,42,82,3,157576,1575.76,33.6,22076,selectivo,marco
12,42,82,3,153461,1534.61,32.72,21299,selectivo,marco
12,42,82,3,150020,1500.2,31.99,20467,selectivo,marco
12,42,82,3,168363,1683.63,35.9,18652,selectivo,marco
14,36,84,3,121112,1211.12,25.82,15764,selectivo,marco
14,36,84,3,116743,1167.43,24.89,15780,selectivo,marco
14,36,84,3,114394,1143.94,24.39,15758,selectivo,marco
14,36,84,3,111766,1117.66,23.83,15207,selectivo,marco
14,36,84,3,109530,1095.3,23.35,14617,selectivo,marco
14,36,84,3,121112,1211.12,25.82,13327,selectivo,marco
14,42,84,3,126161,1261.61,26.9,15764,selectivo,marco
14,42,84,3,120092,1200.92,25.61,15780,selectivo,marco
14,42,84,3,118021,1180.21,25.16,15758,selectivo,marco
14,42,84,3,114888,1148.88,24.5,15207,selectivo,marco
14,42,84,3,112281,1122.81,23.94,14617,selectivo,marco
14,42,84,3,126120,1261.2,26.89,13327,selectivo,marco
12,36,84,3,165583,1655.83,35.31,22143,selectivo,marco
12,36,84,3,159710,1597.1,34.05,22160,selectivo,marco
12,36,84,3,156485,1564.85,33.37,22074,selectivo,marco
12,36,84,3,153013,1530.13,32.63,21297,selectivo,marco
12,36,84,3,149963,1499.63,31.97,20465,selectivo,marco
12,36,84,3,165583,1655.83,35.31,18650,selectivo,marco
12,42,84,3,172405,1724.05,36.76,22143,selectivo,marco
12,42,84,3,164481,1644.81,35.07,22160,selectivo,marco
12,42,84,3,161359,1613.59,34.4,22074,selectivo,marco
12,42,84,3,157145,1571.45,33.51,21297,selectivo,marco
12,42,84,3,153621,1536.21,32.75,20465,selectivo,marco
12,42,84,3,172405,1724.05,36.76,18650,selectivo,marco
14,36,96,3,138430,1384.3,29.52,15750,selectivo,marco
14,36,96,3,133436,1334.36,28.45,15768,selectivo,marco
14,36,96,3,130751,1307.51,27.88,15748,selectivo,marco
14,36,96,3,127748,1277.48,27.24,15197,selectivo,marco
14,36,96,3,125192,1251.92,26.69,14608,selectivo,marco
14,36,96,3,138430,1384.3,29.52,13319,selectivo,marco
14,36,96,3,133318,1333.18,28.43,11936,selectivo,marco
14,42,96,3,144201,1442.01,30.75,15750,selectivo,marco
14,42,96,3,137264,1372.64,29.77,15768,selectivo,marco
14,42,96,3,134897,1348.97,28.76,15748,selectivo,marco
14,42,96,3,131316,1313.16,28,15197,selectivo,marco
14,42,96,3,128337,1283.37,27.36,14608,selectivo,marco
14,42,96,3,144153,1441.53,30.75,13319,selectivo,marco
14,42,96,3,138171,1381.71,30.46,11936,selectivo,marco
12,36,96,3,189260,1892.6,40.35,22128,selectivo,marco
12,36,96,3,182547,1825.47,38.92,22147,selectivo,marco
12,36,96,3,178861,1788.61,38.14,22062,selectivo,marco
12,36,96,3,174892,1748.92,37.29,21286,selectivo,marco
12,36,96,3,171406,1714.06,36.55,20455,selectivo,marco
12,36,96,3,189260,1892.6,40.35,18641,selectivo,marco
12,36,96,3,182312,1823.12,38.87,16901,selectivo,marco
12,42,96,3,197057,1970.57,42.02,22128,selectivo,marco
12,42,96,3,188000,1880,40.09,22147,selectivo,marco
12,42,96,3,184432,1844.32,39.32,22062,selectivo,marco
12,42,96,3,179615,1796.15,38.3,21286,selectivo,marco
12,42,96,3,175578,1755.78,37.44,20455,selectivo,marco
12,42,96,3,197057,1970.57,42.02,18641,selectivo,marco
12,42,96,3,188436,1884.36,40.18,16901,selectivo,marco
14,36,120,3,173066,1730.66,36.9,15722,selectivo,marco
14,36,120,3,166823,1668.23,35.57,15746,selectivo,marco
14,36,120,3,163466,1634.66,34.85,15726,selectivo,marco
14,36,120,3,159711,1597.11,34.05,15177,selectivo,marco
14,36,120,3,156516,1565.16,33.37,14590,selectivo,marco
14,36,120,3,173066,1730.66,36.9,13303,selectivo,marco
14,36,120,3,166675,1666.75,35.54,11922,selectivo,marco
14,36,120,3,163495,1634.95,34.86,10508,selectivo,marco
14,36,120,3,159755,1597.55,34.06,9098,selectivo,marco
14,42,120,3,180280,1802.8,38.44,15722,selectivo,marco
14,42,120,3,171608,1716.08,36.59,15746,selectivo,marco
14,42,120,3,168648,1686.48,35.96,15726,selectivo,marco
14,42,120,3,164172,1641.72,35,15177,selectivo,marco
14,42,120,3,160447,1604.47,34.21,14590,selectivo,marco
14,42,120,3,180221,1802.21,38.43,13303,selectivo,marco
14,42,120,3,172742,1727.42,36.83,11922,selectivo,marco
14,42,120,3,168737,1687.37,35.98,10508,selectivo,marco
14,42,120,3,164172,1641.72,35,9098,selectivo,marco
12,36,120,3,236614,2366.14,50.45,22099,selectivo,marco
12,36,120,3,228222,2282.22,48.66,22123,selectivo,marco
12,36,120,3,223613,2236.13,47.68,22039,selectivo,marco
12,36,120,3,218651,2186.51,46.62,21264,selectivo,marco
12,36,120,3,214293,2142.93,45.69,20435,selectivo,marco
12,36,120,3,236614,2366.14,50.45,18624,selectivo,marco
12,36,120,3,227927,2279.27,48.6,16685,selectivo,marco
12,36,120,3,223657,2236.57,47.69,14698,selectivo,marco
12,36,120,3,218651,2186.51,46.62,12720,selectivo,marco
12,42,120,3,246362,2463.62,52.53,22099,selectivo,marco
12,42,120,3,235039,2350.39,50.11,22123,selectivo,marco
12,42,120,3,230577,2305.77,49.16,22039,selectivo,marco
12,42,120,3,224551,2245.51,47.88,21264,selectivo,marco
12,42,120,3,219593,2195.93,46.81,20435,selectivo,marco
12,42,120,3,246362,2463.62,52.53,18624,selectivo,marco
12,42,120,3,235584,2355.84,50.23,16685,selectivo,marco
12,42,120,3,230725,2307.25,49.2,14698,selectivo,marco
12,42,120,3,224551,2245.51,47.88,12720,selectivo,marco
14,36,144,3,207701,2077.01,44.29,15695,selectivo,marco
14,36,144,3,200209,2002.09,42.69,15723,selectivo,marco
14,36,144,3,196180,1961.8,41.83,15704,selectivo,marco
14,36,144,3,191674,1916.74,40.87,15157,selectivo,marco
14,36,144,3,187808,1878.08,40.05,14573,selectivo,marco
14,36,144,3,207701,2077.01,44.29,13287,selectivo,marco
14,36,144,3,200032,2000.32,42.65,11908,selectivo,marco
14,36,144,3,196215,1962.15,41.84,10496,selectivo,marco
14,36,144,3,191727,1917.27,40.88,9084,selectivo,marco
14,42,144,3,216360,2163.6,46.13,15695,selectivo,marco
14,42,144,3,205952,2059.52,43.91,15723,selectivo,marco
14,42,144,3,202400,2024,42.96,15704,selectivo,marco
14,42,144,3,197028,1970.28,42,15157,selectivo,marco
14,42,144,3,192558,1925.58,41.06,14573,selectivo,marco
14,42,144,3,216289,2162.89,46.12,13287,selectivo,marco
14,42,144,3,207352,2073.52,43.91,11908,selectivo,marco
14,42,144,3,202515,2025.15,43.18,10496,selectivo,marco
14,42,144,3,197028,1970.28,42.01,9084,selectivo,marco
12,36,144,3,283968,2839.68,60.55,22069,selectivo,marco
12,36,144,3,282009,2820.09,58.4,22096,selectivo,marco
12,36,144,3,268365,2683.65,57.22,22015,selectivo,marco
12,36,144,3,262410,2624.1,55.95,21242,selectivo,marco
12,36,144,3,251790,2517.9,54.85,20440,selectivo,marco
12,36,144,3,283968,2839.68,60.55,18666,selectivo,marco
12,36,144,3,273357,2733.57,58.15,17130,selectivo,marco
12,36,144,3,268418,2684.18,56.92,14683,selectivo,marco
12,36,144,3,260124,2601.24,55.15,12076,selectivo,marco
12,42,144,3,295662,2956.62,63.04,22069,selectivo,marco
12,42,144,3,282077,2820.77,60.14,22096,selectivo,marco
12,42,144,3,276723,2767.23,59.02,22015,selectivo,marco
12,42,144,3,269403,2694.03,57.46,21242,selectivo,marco
12,42,144,3,263792,2637.92,56.17,20440,selectivo,marco
12,42,144,3,295662,2956.62,63.04,18666,selectivo,marco
12,42,144,3,283564,2835.64,60.42,17130,selectivo,marco
12,42,144,3,271544,2715.44,58.66,14683,selectivo,marco
12,42,144,3,253897,2538.97,55.79,12076,selectivo,marco
14,36,168,3,242280,2422.8,51.66,15667,selectivo,marco
14,36,168,3,233541,2335.41,49.8,15700,selectivo,marco
14,36,168,3,228841,2288.41,48.79,15683,selectivo,marco
14,36,168,3,223585,2235.85,47.67,15137,selectivo,marco
14,36,168,3,224609,2246.09,46.72,14555,selectivo,marco
14,36,168,3,242280,2422.8,51.66,13271,selectivo,marco
14,36,168,3,233335,2333.35,49.75,11983,selectivo,marco
14,36,168,3,228884,2288.84,48.8,10483,selectivo,marco
14,36,168,3,223647,2236.47,47.69,9071,selectivo,marco
14,42,168,3,252381,2523.81,53.81,15667,selectivo,marco
14,42,168,3,240204,2402.04,51.22,15700,selectivo,marco
14,42,168,3,236097,2360.97,50.34,15683,selectivo,marco
14,42,168,3,229830,2298.3,49,15137,selectivo,marco
14,42,168,3,224615,2246.15,47.92,14555,selectivo,marco
14,42,168,3,252298,2522.98,53.79,13271,selectivo,marco
14,42,168,3,241827,2418.27,51.24,11983,selectivo,marco
14,42,168,3,236204,2362.04,50.37,10483,selectivo,marco
14,42,168,3,229830,2298.3,49,9071,selectivo,marco
12,36,168,3,331244,3312.44,70.63,22040,selectivo,marco
12,36,168,3,319495,3194.95,68.12,22074,selectivo,marco
12,36,168,3,313044,3130.44,66.75,21992,selectivo,marco
12,36,168,3,306097,3060.97,65.27,21219,selectivo,marco
12,36,168,3,299964,2999.64,63.82,20439,selectivo,marco
12,36,168,3,331244,3312.44,70.63,18588,selectivo,marco
12,36,168,3,319495,3194.95,68.12,16652,selectivo,marco
12,36,168,3,311015,3110.15,66.76,14669,selectivo,marco
12,36,168,3,306097,3060.97,65.27,12689,selectivo,marco
12,42,168,3,344890,3448.9,73.54,22040,selectivo,marco
12,42,168,3,329039,3290.39,70.16,22074,selectivo,marco
12,42,168,3,322973,3229.73,68.83,21992,selectivo,marco
12,42,168,3,314363,3143.63,67.03,21219,selectivo,marco
12,42,168,3,307339,3073.39,65.4,20439,selectivo,marco
12,42,168,3,344890,3448.9,73.54,18588,selectivo,marco
12,42,168,3,329039,3290.39,70.16,16652,selectivo,marco
12,42,168,3,322887,3228.87,68.87,14669,selectivo,marco
12,42,168,3,314363,3143.63,67.03,12689,selectivo,marco
14,36,192,3,276916,2769.16,59.04,15639,selectivo,marco
14,36,192,3,266927,2669.27,56.91,15677,selectivo,marco
14,36,192,3,261556,2615.56,55.77,15661,selectivo,marco
14,36,192,3,255548,2555.48,54.49,15116,selectivo,marco
14,36,192,3,250364,2503.64,53.36,14337,selectivo,marco
14,36,192,3,276916,2769.16,59.06,13255,selectivo,marco
14,36,192,3,266788,2667.88,56.86,11879,selectivo,marco
14,36,192,3,261603,2616.03,55.78,10470,selectivo,marco
14,36,192,3,255619,2556.19,54.5,9058,selectivo,marco
14,42,192,3,288460,2884.6,61.51,15639,selectivo,marco
14,42,192,3,274584,2745.84,58.55,15677,selectivo,marco
14,42,192,3,269848,2698.48,57.6,15661,selectivo,marco
14,42,192,3,262686,2626.86,56.32,15116,selectivo,marco
14,42,192,3,256720,2567.2,55.01,14337,selectivo,marco
14,42,192,3,288366,2883.66,61.49,13255,selectivo,marco
14,42,192,3,276398,2763.98,58.93,11879,selectivo,marco
14,42,192,3,269990,2699.9,57.57,10470,selectivo,marco
14,42,192,3,262686,2626.86,56.01,9058,selectivo,marco
12,36,192,3,378598,3785.98,80.72,22011,selectivo,marco
12,36,192,3,365170,3651.7,77.86,22049,selectivo,marco
12,36,192,3,357795,3577.95,76.29,21969,selectivo,marco
12,36,192,3,349856,3498.56,74.6,21197,selectivo,marco
12,36,192,3,342874,3428.74,73.11,20376,selectivo,marco
12,36,192,3,378598,3785.98,80.72,18571,selectivo,marco
12,36,192,3,364698,3646.98,77.63,16636,selectivo,marco
12,36,192,3,357866,3578.66,76.3,14654,selectivo,marco
12,36,192,3,349856,3498.56,74.6,12674,selectivo,marco
12,42,192,3,394195,3941.95,84.05,22011,selectivo,marco
12,42,192,3,376077,3760.77,80.19,22049,selectivo,marco
12,42,192,3,368939,3689.39,78.67,21969,selectivo,marco
12,42,192,3,359303,3593.03,76.97,21197,selectivo,marco
12,42,192,3,351435,3514.35,75.16,20376,selectivo,marco
12,42,192,3,394195,3941.95,84.05,18571,selectivo,marco
12,42,192,3,376077,3760.77,80.37,16636,selectivo,marco
12,42,192,3,369175,3691.75,78.72,14654,selectivo,marco
12,42,192,3,359303,3593.03,76.61,12674,selectivo,marco
14,36,240,3,346131,3461.31,73.8,15584,selectivo,marco
14,36,240,3,333645,3336.45,71.14,15631,selectivo,marco
14,36,240,3,326931,3269.31,69.71,15618,selectivo,marco
14,36,240,3,319422,3194.22,68.12,15076,selectivo,marco
14,36,240,3,308345,3083.45,66.74,14501,selectivo,marco
14,36,240,3,346131,3461.31,73.8,13223,selectivo,marco
14,36,240,3,333351,3333.51,71.08,11780,selectivo,marco
14,36,240,3,326990,3269.9,69.72,10445,selectivo,marco
14,36,240,3,319510,3195.1,68.13,9031,selectivo,marco
14,42,240,3,360561,3605.61,76.88,15584,selectivo,marco
14,42,240,3,343216,3432.16,73.18,15631,selectivo,marco
14,42,240,3,337297,3372.97,71.96,15618,selectivo,marco
14,42,240,3,328345,3283.45,70.01,15076,selectivo,marco
14,42,240,3,319384,3193.84,68.37,14501,selectivo,marco
14,42,240,3,360443,3604.43,76.85,13223,selectivo,marco
14,42,240,3,345483,3454.83,73.64,11780,selectivo,marco
14,42,240,3,337473,3374.73,71.96,10445,selectivo,marco
14,42,240,3,328345,3283.45,70.01,9031,selectivo,marco
12,36,240,3,473229,4732.29,100.9,21952,selectivo,marco
12,36,240,3,456443,4564.43,97.32,22000,selectivo,marco
12,36,240,3,447226,4472.26,95.36,21922,selectivo,marco
12,36,240,3,437302,4373.02,93.24,21153,selectivo,marco
12,36,240,3,428855,4288.55,91.38,20337,selectivo,marco
12,36,240,3,473229,4732.29,100.9,18535,selectivo,marco
12,36,240,3,455854,4558.54,97.2,16604,selectivo,marco
12,36,240,3,447314,4473.14,95.38,14625,selectivo,marco
12,36,240,3,437302,4373.02,93.24,12643,selectivo,marco
12,42,240,3,492723,4927.23,105.06,21952,selectivo,marco
12,42,240,3,470078,4700.78,100.35,22000,selectivo,marco
12,42,240,3,461155,4611.55,98.33,21922,selectivo,marco
12,42,240,3,449111,4491.11,95.76,21153,selectivo,marco
12,42,240,3,439035,4390.35,93.61,20337,selectivo,marco
12,42,240,3,492723,4927.23,105.06,18535,selectivo,marco
12,42,240,3,471477,4714.77,100.46,16604,selectivo,marco
12,42,240,3,461439,4614.39,98.39,14625,selectivo,marco
12,42,240,3,449111,4491.11,95.76,12643,selectivo,marco
14,36,288,3,415346,4153.46,88.56,15529,selectivo,marco
14,36,288,3,400363,4003.63,85.37,15585,selectivo,marco
14,36,288,3,392307,3923.07,83.65,15575,selectivo,marco
14,36,288,3,383296,3832.96,81.73,15036,selectivo,marco
14,36,288,3,375628,3756.28,80.39,14465,selectivo,marco
14,36,288,3,415346,4153.46,88.56,13192,selectivo,marco
14,36,288,3,400010,4000.1,85.29,11821,selectivo,marco
14,36,288,3,392377,3923.77,83.66,10419,selectivo,marco
14,36,288,3,383402,3834.02,81.75,9005,selectivo,marco
14,42,288,3,432661,4326.61,92.25,15529,selectivo,marco
14,42,288,3,411848,4118.48,87.81,15585,selectivo,marco
14,42,288,3,404475,4044.75,86.34,15575,selectivo,marco
14,42,288,3,394003,3940.03,84.01,15036,selectivo,marco
14,42,288,3,385023,3850.23,82.66,14465,selectivo,marco
14,42,288,3,432500,4325,92.22,13192,selectivo,marco
14,42,288,3,414569,4145.69,89.43,11821,selectivo,marco
14,42,288,3,404937,4049.37,86.34,10419,selectivo,marco
14,42,288,3,394003,3940.03,84.01,9005,selectivo,marco
12,36,288,3,567859,5678.59,121.08,21893,selectivo,marco
12,36,288,3,547717,5477.17,116.78,21950,selectivo,marco
12,36,288,3,536656,5366.56,115.36,21875,selectivo,marco
12,36,288,3,524748,5247.48,113.24,21109,selectivo,marco
12,36,288,3,514823,5148.23,109.66,20298,selectivo,marco
12,36,288,3,567859,5678.59,121.08,18500,selectivo,marco
12,36,288,3,547010,5470.1,116.31,16571,selectivo,marco
12,36,288,3,536743,5367.43,114.45,14596,selectivo,marco
12,36,288,3,524748,5247.48,111.89,12613,selectivo,marco
12,42,288,3,591251,5912.51,126.07,21893,selectivo,marco
12,42,288,3,564078,5640.78,120.27,21950,selectivo,marco
12,42,288,3,553371,5533.71,117.99,21875,selectivo,marco
12,42,288,3,538818,5388.18,114.91,21109,selectivo,marco
12,42,288,3,529305,5293.05,112.13,20298,selectivo,marco
12,42,288,3,591251,5912.51,126.07,18500,selectivo,marco
12,42,288,3,570337,5703.37,121.55,16571,selectivo,marco
12,42,288,3,553718,5537.18,118.06,14596,selectivo,marco
12,42,288,3,538918,5389.18,114.91,12613,selectivo,marco
14,36,312,3,449982,4499.82,95.94,15502,selectivo,marco
14,36,312,3,433750,4337.5,92.48,15562,selectivo,marco
14,36,312,3,425021,4250.21,90.62,15553,selectivo,marco
14,36,312,3,415259,4152.59,88.54,15015,selectivo,marco
14,36,312,3,406951,4069.51,86.77,14447,selectivo,marco
14,36,312,3,449982,4499.82,95.94,13176,selectivo,marco
14,36,312,3,433367,4333.67,92.46,11839,selectivo,marco
14,36,312,3,425098,4250.98,90.64,10407,selectivo,marco
14,36,312,3,415374,4153.74,88.57,8992,selectivo,marco
14,42,312,3,468741,4687.41,99.94,15502,selectivo,marco
14,42,312,3,446192,4461.92,95.14,15562,selectivo,marco
14,42,312,3,438497,4384.97,93.5,15553,selectivo,marco
14,42,312,3,426859,4268.59,91,15015,selectivo,marco
14,42,312,3,417173,4171.73,89.33,14447,selectivo,marco
14,42,312,3,468588,4685.88,99.91,13176,selectivo,marco
14,42,312,3,449104,4491.04,96.13,11839,selectivo,marco
14,42,312,3,438759,4387.59,93.55,10407,selectivo,marco
14,42,312,3,426859,4268.59,91.01,8992,selectivo,marco
12,36,312,3,615213,6152.13,131.18,21863,selectivo,marco
12,36,312,3,593391,5933.91,126.52,21926,selectivo,marco
12,36,312,3,581408,5814.08,123.97,21851,selectivo,marco
12,36,312,3,568675,5686.75,121.22,21087,selectivo,marco
12,36,312,3,557175,5571.75,118.8,20278,selectivo,marco
12,36,312,3,615213,6152.13,131.18,18482,selectivo,marco
12,36,312,3,592625,5926.25,126.45,16555,selectivo,marco
12,36,312,3,581523,5815.23,123.99,14528,selectivo,marco
12,36,312,3,568675,5686.75,121.22,12598,selectivo,marco
12,42,312,3,640556,6405.56,136.58,21863,selectivo,marco
12,42,312,3,611116,6111.16,130.3,21926,selectivo,marco
12,42,312,3,599516,5995.16,127.83,21851,selectivo,marco
12,42,312,3,583859,5838.59,124.49,21087,selectivo,marco
12,42,312,3,570766,5707.66,121.93,20278,selectivo,marco
12,42,312,3,640556,6405.56,136.58,18482,selectivo,marco
12,42,312,3,611165,6111.65,130.22,16555,selectivo,marco
12,42,312,3,599899,5998.99,127.91,14528,selectivo,marco
12,42,312,3,583859,5838.59,124.49,12598,selectivo,marco
14,36,336,3,488192,4881.92,104.09,15474,selectivo,marco
14,36,336,3,477885,4778.85,101.89,15539,selectivo,marco
14,36,336,3,466168,4661.68,99.4,15532,selectivo,marco
14,36,336,3,453041,4530.41,96.6,14995,selectivo,marco
14,36,336,3,438052,4380.52,93.4,14429,selectivo,marco
14,36,336,3,488192,4881.92,104.09,13160,selectivo,marco
14,36,336,3,477695,4776.95,101.85,11693,selectivo,marco
14,36,336,3,466279,4662.79,99.42,10394,selectivo,marco
14,36,336,3,453041,4530.41,96.6,8978,selectivo,marco
14,42,336,3,508434,5084.34,108.41,15474,selectivo,marco
14,42,336,3,495414,4954.14,105.64,15539,selectivo,marco
14,42,336,3,481292,4812.92,102.63,15532,selectivo,marco
14,42,336,3,465796,4657.96,99.32,14995,selectivo,marco
14,42,336,3,448604,4486.04,95.65,14429,selectivo,marco
14,42,336,3,508453,5084.53,108.41,13160,selectivo,marco
14,42,336,3,495401,4954.01,105.63,11693,selectivo,marco
14,42,336,3,481347,4813.47,102.63,10394,selectivo,marco
14,42,336,3,465796,4657.96,99.32,8978,selectivo,marco
12,36,336,3,662489,6624.89,141.26,21834,selectivo,marco
12,36,336,3,638991,6389.91,136.25,21901,selectivo,marco
12,36,336,3,626087,6260.87,133.49,21828,selectivo,marco
12,36,336,3,612194,6121.94,130.53,21055,selectivo,marco
12,36,336,3,599911,5999.11,127.93,20652,selectivo,marco
12,36,336,3,662489,6624.89,141.26,18465,selectivo,marco
12,36,336,3,638166,6381.66,136.13,16539,selectivo,marco
12,36,336,3,626116,6261.16,133.52,14567,selectivo,marco
12,36,336,3,612194,6121.94,130.53,12582,selectivo,marco
12,42,336,3,689770,6897.7,147.07,21834,selectivo,marco
12,42,336,3,658078,6580.78,140.32,21901,selectivo,marco
12,42,336,3,645587,6455.87,137.65,21828,selectivo,marco
12,42,336,3,628725,6287.25,134.06,21055,selectivo,marco
12,42,336,3,613635,6136.35,130.29,20652,selectivo,marco
12,42,336,3,689770,6897.7,147.07,18465,selectivo,marco
12,42,336,3,658458,6584.58,140.38,16539,selectivo,marco
12,42,336,3,645990,6459.9,137.74,14567,selectivo,marco
12,42,336,3,628725,6287.25,134.06,12582,selectivo,marco
14,36,360,3,526982,5269.82,112.36,15446,selectivo,marco
14,36,360,3,499936,4999.36,106.48,15517,selectivo,marco
14,36,360,3,487679,4876.79,103.98,15510,selectivo,marco
14,36,360,3,474552,4745.52,101.18,14975,selectivo,marco
14,36,360,3,480636,4806.36,102.48,14411,selectivo,marco
14,36,360,3,526982,5269.82,112.36,13144,selectivo,marco
14,36,360,3,499206,4992.06,106.44,11678,selectivo,marco
14,36,360,3,487790,4877.9,104.01,10381,selectivo,marco
14,36,360,3,474552,4745.52,101.18,8965,selectivo,marco
14,42,360,3,549339,5493.39,117.13,15446,selectivo,marco
14,42,360,3,516952,5169.52,110.22,15517,selectivo,marco
14,42,360,3,502838,5028.38,107.2,15510,selectivo,marco
14,42,360,3,487307,4873.07,103.9,14975,selectivo,marco
14,42,360,3,493059,4930.59,105.13,14411,selectivo,marco
14,42,360,3,549399,5493.99,117.13,13144,selectivo,marco
14,42,360,3,516952,5169.52,110.69,11678,selectivo,marco
14,42,360,3,502858,5028.58,107.22,10381,selectivo,marco
14,42,360,3,487307,4873.07,103.9,8965,selectivo,marco
12,36,360,3,709843,7098.43,151.35,21805,selectivo,marco
12,36,360,3,684665,6846.65,145.98,21876,selectivo,marco
12,36,360,3,670893,6708.93,143.99,21805,selectivo,marco
12,36,360,3,655933,6559.33,139.86,21043,selectivo,marco
12,36,360,3,642878,6428.78,137.07,20238,selectivo,marco
12,36,360,3,709843,7098.43,151.35,18447,selectivo,marco
12,36,360,3,683781,6837.81,145.8,16532,selectivo,marco
12,36,360,3,670911,6709.11,143.06,14553,selectivo,marco
12,36,360,3,655933,6559.33,139.86,12567,selectivo,marco
12,42,360,3,739085,7390.85,157.59,21805,selectivo,marco
12,42,360,3,705116,7051.16,150.34,21876,selectivo,marco
12,42,360,3,691732,6917.32,147.49,21805,selectivo,marco
12,42,360,3,673646,6736.46,143.64,21043,selectivo,marco
12,42,360,3,659499,6594.99,140.59,20238,selectivo,marco
12,42,360,3,739085,7390.85,157.59,18447,selectivo,marco
12,42,360,3,707452,7074.52,150.69,16532,selectivo,marco
12,42,360,3,691774,6917.74,147.59,14553,selectivo,marco
12,42,360,3,673646,6736.46,143.64,12567,selectivo,marco
14,36,384,3,548493,5484.93,116.95,15419,selectivo,marco
14,36,384,3,539058,5390.58,114.94,15494,selectivo,marco
14,36,384,3,528259,5282.59,112.64,15488,selectivo,marco
14,36,384,3,516122,5161.22,110,14955,selectivo,marco
14,36,384,3,500787,5007.87,107.07,14393,selectivo,marco
14,36,384,3,548493,5484.93,116.95,13128,selectivo,marco
14,36,384,3,538844,5388.44,114.89,11690,selectivo,marco
14,36,384,3,528386,5283.86,112.66,10369,selectivo,marco
14,36,384,3,516122,5161.22,110.05,8952,selectivo,marco
14,42,384,3,570850,5708.5,121.72,15419,selectivo,marco
14,42,384,3,558658,5586.58,119.12,15494,selectivo,marco
14,42,384,3,545372,5453.72,116.3,15488,selectivo,marco
14,42,384,3,530803,5308.03,113.18,14955,selectivo,marco
14,42,384,3,514570,5145.7,109.67,14393,selectivo,marco
14,42,384,3,570850,5708.5,121.72,13128,selectivo,marco
14,42,384,3,558658,5586.58,119.09,11690,selectivo,marco
14,42,384,3,545453,5454.53,116.3,10369,selectivo,marco
14,42,384,3,530803,5308.03,113.18,8952,selectivo,marco
12,36,384,3,757197,7571.97,161.45,21775,selectivo,marco
12,36,384,3,730339,7303.39,155.72,21852,selectivo,marco
12,36,384,3,715531,7155.31,152.58,21781,selectivo,marco
12,36,384,3,699712,6997.12,149.19,21021,selectivo,marco
12,36,384,3,685574,6855.74,146.22,20219,selectivo,marco
12,36,384,3,757197,7571.97,161.45,18429,selectivo,marco
12,36,384,3,729397,7293.97,155.61,16506,selectivo,marco
12,36,384,3,715737,7157.37,152.61,14538,selectivo,marco
12,36,384,3,699712,6997.12,149.19,12552,selectivo,marco
12,42,384,3,788899,7888.99,168.1,21775,selectivo,marco
12,42,384,3,752155,7521.55,160.37,21852,selectivo,marco
12,42,384,3,737878,7378.78,157.33,21781,selectivo,marco
12,42,384,3,718606,7186.06,153.22,21021,selectivo,marco
12,42,384,3,702492,7024.92,150.34,20219,selectivo,marco
12,42,384,3,788899,7888.99,168.1,18429,selectivo,marco
12,42,384,3,752476,7524.76,160.42,16506,selectivo,marco
12,42,384,3,738399,7383.99,157.43,14538,selectivo,marco
12,42,384,3,718606,7186.06,153.22,12552,selectivo,marco
14,36,406,3,587248,5872.48,125.21,15391,selectivo,marco
14,36,406,3,560533,5605.33,119.52,15471,selectivo,marco
14,36,406,3,549735,5497.35,117.21,15467,selectivo,marco
14,36,406,3,537598,5375.98,114.63,14935,selectivo,marco
14,36,406,3,523623,5236.23,111.65,14376,selectivo,marco
14,36,406,3,587248,5872.48,125.21,13113,selectivo,marco
14,36,406,3,560133,5601.33,119.45,11649,selectivo,marco
14,36,406,3,549862,5498.62,117.24,10356,selectivo,marco
14,36,406,3,537598,5375.98,114.63,8938,selectivo,marco
14,42,406,3,611720,6117.2,130.43,15391,selectivo,marco
14,42,406,3,580133,5801.33,123.7,15471,selectivo,marco
14,42,406,3,566848,5668.48,120.9,15467,selectivo,marco
14,42,406,3,552278,5522.78,117.76,14935,selectivo,marco
14,42,406,3,536045,5360.45,114.95,14376,selectivo,marco
14,42,406,3,611720,6117.2,130.43,13113,selectivo,marco
14,42,406,3,580133,5801.33,123.67,11649,selectivo,marco
14,42,406,3,566913,5669.13,120.9,10356,selectivo,marco
14,42,406,3,552278,5522.78,117.76,8938,selectivo,marco
12,36,406,3,804473,8044.73,171.53,21746,selectivo,marco
12,36,406,3,759938,7599.38,165.45,21827,selectivo,marco
12,36,406,3,760269,7602.69,162.1,21758,selectivo,marco
12,36,406,3,743399,7433.99,158.51,20999,selectivo,marco
12,36,406,3,728517,7285.17,155.35,20199,selectivo,marco
12,36,406,3,804473,8044.73,171.53,18412,selectivo,marco
12,36,406,3,774937,7749.37,165.23,16490,selectivo,marco
12,36,406,3,760240,7602.4,162.14,14524,selectivo,marco
12,36,406,3,743399,7433.99,158.51,12536,selectivo,marco
12,42,406,3,837613,8376.13,178.6,21746,selectivo,marco
12,42,406,3,799116,7991.16,170.39,21827,selectivo,marco
12,42,406,3,783948,7839.48,167.15,21758,selectivo,marco
12,42,406,3,763473,7634.73,162.79,20999,selectivo,marco
12,42,406,3,746533,7465.33,159.19,20199,selectivo,marco
12,42,406,3,837613,8376.13,178.6,18412,selectivo,marco
12,42,406,3,809859,8098.59,172,16490,selectivo,marco
12,42,406,3,784499,7844.99,167.26,14524,selectivo,marco
12,42,406,3,763473,7634.73,162.79,12536,selectivo,marco
14,36,431,3,626037,6260.37,133.48,15364,selectivo,marco
14,36,431,3,600195,6001.95,127.97,15448,selectivo,marco
14,36,431,3,590316,5903.16,125.87,15445,selectivo,marco
14,36,431,3,579169,5791.69,123.43,14914,selectivo,marco
14,36,431,3,566208,5662.08,120.73,14358,selectivo,marco
14,36,431,3,626037,6260.37,133.48,13097,selectivo,marco
14,36,431,3,599957,5999.57,127.82,11674,selectivo,marco
14,36,431,3,590458,5904.58,125.9,10343,selectivo,marco
14,36,431,3,579169,5791.69,123.49,8925,selectivo,marco
14,42,431,3,652637,6526.37,139.15,15364,selectivo,marco
14,42,431,3,597347,5973.47,127.37,15448,selectivo,marco
14,42,431,3,609416,6094.16,129.95,15445,selectivo,marco
14,42,431,3,595774,5957.74,127.03,14914,selectivo,marco
14,42,431,3,580500,5805,123.5,14358,selectivo,marco
14,42,431,3,652637,6526.37,139.15,13097,selectivo,marco
14,42,431,3,621839,6218.39,132.59,11674,selectivo,marco
14,42,431,3,609488,6094.88,129.95,10343,selectivo,marco
14,42,431,3,595774,5957.74,127.03,8925,selectivo,marco
12,36,431,3,851827,8518.27,181.63,21716,selectivo,marco
12,36,431,3,821613,8216.13,175.18,21802,selectivo,marco
12,36,431,3,805021,8050.21,171.65,21734,selectivo,marco
12,36,431,3,787158,7871.58,167.84,20977,selectivo,marco
12,36,431,3,771488,7714.88,164.49,20166,selectivo,marco
12,36,431,3,851827,8518.27,181.63,18394,selectivo,marco
12,36,431,3,802967,8029.67,174.23,16456,selectivo,marco
12,36,431,3,805180,8051.8,171.68,14509,selectivo,marco
12,36,431,3,787158,7871.58,167.84,12521,selectivo,marco
12,42,431,3,886918,8869.18,189.11,21716,selectivo,marco
12,42,431,3,846155,8461.55,180.42,21802,selectivo,marco
12,42,431,3,830942,8309.42,176.99,21734,selectivo,marco
12,42,431,3,808414,8084.14,172.37,20977,selectivo,marco
12,42,431,3,790258,7902.58,168.3,20166,selectivo,marco
12,42,431,3,886918,8869.18,189.11,18394,selectivo,marco
12,42,431,3,839853,8398.53,180,16456,selectivo,marco
12,42,431,3,830614,8306.14,177.11,14509,selectivo,marco
12,42,431,3,808414,8084.14,172.37,12521,selectivo,marco
14,36,457,3,647513,6475.13,138.06,15336,selectivo,marco
14,36,457,3,621611,6216.11,132.55,15425,selectivo,marco
14,36,457,3,611791,6117.91,130.45,15424,selectivo,marco
14,36,457,3,600645,6006.45,128.07,14894,selectivo,marco
14,36,457,3,587684,5876.84,125.31,14340,selectivo,marco
14,36,457,3,647513,6475.13,138.06,13081,selectivo,marco
14,36,457,3,621363,6213.63,132.5,11721,selectivo,marco
14,36,457,3,611934,6119.34,130.48,10330,selectivo,marco
14,36,457,3,600645,6006.45,128.07,8912,selectivo,marco
14,42,457,3,674101,6741.01,143.73,15336,selectivo,marco
14,42,457,3,643314,6433.14,137.17,15425,selectivo,marco
14,42,457,3,630982,6309.82,134.53,15424,selectivo,marco
14,42,457,3,617250,6172.5,131.61,14894,selectivo,marco
14,42,457,3,601976,6019.76,128.86,14340,selectivo,marco
14,42,457,3,674101,6741.01,143.73,13081,selectivo,marco
14,42,457,3,643314,6433.14,137.15,11721,selectivo,marco
14,42,457,3,630934,6309.34,134.53,10330,selectivo,marco
14,42,457,3,617250,6172.5,131.61,8912,selectivo,marco
12,36,457,3,899103,8991.03,191.71,21687,selectivo,marco
12,36,457,3,867212,8672.12,184.91,21778,selectivo,marco
12,36,457,3,849703,8497.03,181.17,21711,selectivo,marco
12,36,457,3,830845,8308.45,177.15,20955,selectivo,marco
12,36,457,3,814284,8142.84,173.16,20160,selectivo,marco
12,36,457,3,899103,8991.03,191.71,18376,selectivo,marco
12,36,457,3,866093,8660.93,184.59,16458,selectivo,marco
12,36,457,3,849868,8498.68,181.21,14495,selectivo,marco
12,36,457,3,830845,8308.45,177.15,12506,selectivo,marco
12,42,457,3,936101,9361.01,199.6,21687,selectivo,marco
12,42,457,3,893174,8931.74,190.43,21778,selectivo,marco
12,42,457,3,876124,8761.24,186.82,21711,selectivo,marco
12,42,457,3,853184,8531.84,181.94,20955,selectivo,marco
12,42,457,3,832701,8327.01,177.95,20160,selectivo,marco
12,42,457,3,936101,9361.01,199.6,18376,selectivo,marco
12,42,457,3,892874,8928.74,190.37,16458,selectivo,marco
12,42,457,3,876695,8766.95,186.93,14495,selectivo,marco
12,42,457,3,853184,8531.84,181.94,12506,selectivo,marco